Value of N,Comparisons of O(n),Comparisons of O(M + log n),Comparisons of O(log n)
100,49,15,0
200,93,27,0
300,147,34,0
400,184,33,0
500,259,58,0
600,306,52,0
700,353,73,0
800,396,96,0
900,443,98,0
1000,508,105,0
1100,543,102,0
1200,588,122,0
1300,663,127,0
1400,689,152,0
1500,753,147,0
1600,803,158,0
1700,856,168,0
1800,899,178,0
1900,945,193,0
2000,1041,192,0
2100,1060,216,0
2200,1076,222,0
2300,1122,233,0
2400,1160,250,0
2500,1259,246,0
2600,1276,282,0
2700,1355,265,0
2800,1352,289,0
2900,1456,286,0
3000,1477,315,0
3100,1528,319,0
3200,1614,339,0
3300,1661,345,0
3400,1659,342,0
3500,1738,364,0
3600,1820,376,0
3700,1852,369,0
3800,1893,388,0
3900,1996,418,0
4000,2027,411,0
4100,2040,414,0
4200,2083,389,0
4300,2177,416,0
4400,2222,450,0
4500,2271,445,0
4600,2296,439,0
4700,2381,471,0
4800,2373,468,0
4900,2490,524,0
5000,2527,481,0
5100,2552,513,0
5200,2595,581,0
5300,2622,537,0
5400,2689,537,0
5500,2706,535,0
5600,2834,617,0
5700,2902,627,0
5800,2896,624,0
5900,2915,573,0
6000,2927,547,0
6100,3086,623,0
6200,3039,616,0
6300,3222,634,0
6400,3199,643,0
6500,3235,675,0
6600,3336,663,0
6700,3413,661,0
6800,3404,724,0
6900,3436,708,0
7000,3456,719,0
7100,3559,754,0
7200,3636,731,0
7300,3713,762,0
7400,3720,753,0
7500,3773,786,0
7600,3804,736,0
7700,3878,780,0
7800,3926,811,0
7900,3972,796,0
8000,3950,779,0
8100,4013,798,0
8200,4122,820,0
8300,4132,812,0
8400,4146,808,0
8500,4293,804,0
8600,4263,858,0
8700,4334,871,0
8800,4422,897,0
8900,4522,900,0
9000,4490,866,0
9100,4525,925,0
9200,4540,954,0
9300,4640,909,0
9400,4652,927,0
9500,4638,945,0
9600,4767,976,0
9700,4821,954,0
9800,4919,1008,0
9900,4888,1019,0
10000,4990,970,0
10100,5052,1022,0
10200,5056,1050,0
10300,5160,1027,0
10400,5223,1068,0
10500,5288,1022,0
10600,5287,1045,0
10700,5442,1060,0
10800,5439,1068,0
10900,5530,1116,0
11000,5508,1100,0
11100,5490,1090,0
11200,5485,1080,0
11300,5690,1204,0
11400,5732,1155,0
11500,5697,1107,0
11600,5855,1180,0
11700,5893,1169,0
11800,5796,1183,0
11900,6005,1176,0
12000,5971,1142,0
12100,5984,1228,0
12200,6032,1246,0
12300,6193,1243,0
12400,6246,1243,0
12500,6235,1314,0
12600,6316,1320,0
12700,6352,1225,0
12800,6254,1189,0
12900,6349,1203,0
13000,6472,1279,0
13100,6553,1294,0
13200,6642,1320,0
13300,6639,1372,0
13400,6681,1298,0
13500,6810,1359,0
13600,6864,1361,0
13700,6761,1365,0
13800,6913,1341,0
13900,6897,1400,0
14000,6962,1416,0
14100,7170,1426,0
14200,7110,1420,0
14300,7224,1406,0
14400,7256,1514,0
14500,7258,1444,0
14600,7251,1453,0
14700,7326,1462,0
14800,7447,1491,0
14900,7459,1570,0
15000,7488,1522,0
15100,7666,1505,0
15200,7486,1471,0
15300,7710,1511,0
15400,7508,1493,0
15500,7793,1574,0
15600,7810,1558,0
15700,7830,1489,0
15800,7852,1527,0
15900,7951,1614,0
16000,8054,1595,0
16100,8047,1680,0
16200,8118,1689,0
16300,8123,1602,0
16400,8144,1658,0
16500,8320,1660,0
16600,8390,1667,0
16700,8315,1620,0
16800,8415,1714,0
16900,8558,1681,0
17000,8528,1783,0
17100,8568,1722,0
17200,8683,1705,0
17300,8581,1703,0
17400,8712,1699,0
17500,8672,1792,0
17600,8751,1746,0
17700,8809,1782,0
17800,8906,1748,0
17900,8871,1731,0
18000,8809,1759,0
18100,8990,1799,0
18200,9006,1806,0
18300,9067,1884,0
18400,9218,1911,0
18500,9149,1831,0
18600,9361,1842,0
18700,9438,1823,0
18800,9489,1950,0
18900,9302,1881,0
19000,9515,1923,0
19100,9475,1888,0
19200,9592,1895,0
19300,9660,1922,0
19400,9653,1891,0
19500,9759,1931,0
19600,9811,1987,0
19700,9954,2000,0
19800,9880,1964,0
19900,10083,2001,0
20000,10030,2000,0
20100,10046,1917,0
20200,10095,2032,0
20300,10043,2041,0
20400,10104,2050,0
20500,10181,2018,0
20600,10383,2074,0
20700,10394,2084,0
20800,10471,2130,0
20900,10375,2053,0
21000,10489,2097,0
21100,10627,2142,0
21200,10431,2079,0
21300,10622,2170,0
21400,10822,2129,0
21500,10652,2155,0
21600,10769,2081,0
21700,10812,2212,0
21800,11013,2188,0
21900,10944,2210,0
22000,10985,2183,0
22100,11078,2203,0
22200,11262,2235,0
22300,11294,2260,0
22400,11196,2262,0
22500,11193,2233,0
22600,11265,2254,0
22700,11249,2300,0
22800,11515,2287,0
22900,11511,2329,0
23000,11456,2313,0
23100,11629,2319,0
23200,11592,2292,0
23300,11626,2279,0
23400,11561,2331,0
23500,11701,2338,0
23600,11737,2359,0
23700,11781,2362,0
23800,11848,2340,0
23900,12003,2434,0
24000,12018,2380,0
24100,11963,2366,0
24200,12070,2408,0
24300,12133,2425,0
24400,12107,2445,0
24500,12416,2458,0
24600,12348,2470,0
24700,12481,2469,0
24800,12347,2460,0
24900,12574,2555,0
25000,12595,2529,0
25100,12619,2587,0
25200,12600,2503,0
25300,12454,2451,0
25400,12665,2545,0
25500,12770,2510,0
25600,12951,2525,0
25700,12846,2581,0
25800,12918,2615,0
25900,12986,2576,0
26000,13053,2593,0
26100,13069,2591,0
26200,13055,2693,0
26300,13196,2654,0
26400,13105,2539,0
26500,13073,2505,0
26600,13369,2665,0
26700,13292,2651,0
26800,13447,2693,0
26900,13505,2731,0
27000,13551,2662,0
27100,13611,2801,0
27200,13707,2794,0
27300,13615,2683,0
27400,13780,2750,0
27500,13865,2855,0
27600,13760,2797,0
27700,13893,2785,0
27800,13906,2811,0
27900,13970,2807,0
28000,14029,2714,0
28100,14100,2787,0
28200,14111,2947,0
28300,14231,2840,0
28400,14298,2914,0
28500,14103,2822,0
28600,14273,2866,0
28700,14339,2821,0
28800,14183,2856,0
28900,14404,2927,0
29000,14575,2863,0
29100,14478,2893,0
29200,14703,2938,0
29300,14575,2937,0
29400,14609,2971,0
29500,14841,3011,0
29600,14639,2814,0
29700,14943,3084,0
29800,14743,3001,0
29900,15026,3007,0
30000,15007,3052,0
30100,14991,3076,0
30200,15041,2970,0
30300,15058,3078,0
30400,15255,3062,0
30500,15215,3034,0
30600,15299,3038,0
30700,15249,3062,0
30800,15505,3059,0
30900,15359,3136,0
31000,15611,3076,0
31100,15439,3147,0
31200,15691,3145,0
31300,15641,3182,0
31400,15778,3144,0
31500,15801,3078,0
31600,15855,3279,0
31700,15861,3083,0
31800,15984,3106,0
31900,16016,3236,0
32000,16038,3143,0
32100,16142,3260,0
32200,16151,3293,0
32300,16191,3285,0
32400,16028,3276,0
32500,16247,3215,0
32600,16322,3228,0
32700,16472,3248,0
32800,16322,3352,0
32900,16433,3209,0
33000,16558,3348,0
33100,16455,3374,0
33200,16578,3292,0
33300,16603,3283,0
33400,16542,3325,0
33500,16948,3388,0
33600,16641,3374,0
33700,16745,3310,0
33800,16995,3379,0
33900,17181,3531,0
34000,17155,3481,0
34100,17006,3441,0
34200,17292,3440,0
34300,17086,3543,0
34400,17311,3394,0
34500,17242,3436,0
34600,17453,3480,0
34700,17282,3463,0
34800,17345,3470,0
34900,17518,3422,0
35000,17517,3545,0
35100,17576,3400,0
35200,17571,3554,0
35300,17746,3464,0
35400,17516,3459,0
35500,17740,3486,0
35600,17814,3481,0
35700,17906,3526,0
35800,17951,3686,0
35900,17791,3601,0
36000,18017,3621,0
36100,18085,3557,0
36200,18116,3652,0
36300,18173,3640,0
36400,18301,3709,0
36500,18112,3677,0
36600,18277,3652,0
36700,18340,3719,0
36800,18272,3637,0
36900,18382,3620,0
37000,18546,3742,0
37100,18468,3645,0
37200,18700,3745,0
37300,18563,3662,0
37400,18813,3742,0
37500,18787,3708,0
37600,18730,3665,0
37700,18858,3633,0
37800,18829,3785,0
37900,18822,3877,0
38000,19030,3786,0
38100,18976,3799,0
38200,19129,3880,0
38300,19208,4004,0
38400,19251,3868,0
38500,19134,3860,0
38600,19272,3816,0
38700,19358,3899,0
38800,19567,3890,0
38900,19375,3827,0
39000,19452,3932,0
39100,19513,3956,0
39200,19640,3923,0
39300,19706,3952,0
39400,19756,3948,0
39500,19492,3907,0
39600,19830,3894,0
39700,19752,4042,0
39800,19939,3911,0
39900,19983,3857,0
40000,20091,3989,0
40100,20048,4011,0
40200,20283,4036,0
40300,19928,3972,0
40400,20163,3998,0
40500,20257,3988,0
40600,20344,4093,0
40700,20268,4071,0
40800,20414,4033,0
40900,20649,4141,0
41000,20520,4086,0
41100,20417,4101,0
41200,20720,4109,0
41300,20646,4029,0
41400,20870,4196,0
41500,20767,4087,0
41600,20804,4197,0
41700,20845,4107,0
41800,20993,4163,0
41900,20900,4121,0
42000,20919,4142,0
42100,20989,4268,0
42200,21116,4307,0
42300,21020,4231,0
42400,21361,4299,0
42500,21284,4203,0
42600,21361,4179,0
42700,21220,4253,0
42800,21252,4325,0
42900,21360,4320,0
43000,21661,4338,0
43100,21719,4303,0
43200,21681,4281,0
43300,21969,4383,0
43400,21843,4374,0
43500,21685,4412,0
43600,21758,4437,0
43700,21996,4436,0
43800,21764,4365,0
43900,21989,4527,0
44000,22060,4458,0
44100,22058,4281,0
44200,22199,4506,0
44300,22324,4499,0
44400,22082,4374,0
44500,22253,4463,0
44600,22289,4459,0
44700,22240,4325,0
44800,22499,4452,0
44900,22564,4468,0
45000,22440,4498,0
45100,22255,4498,0
45200,22517,4528,0
45300,22587,4552,0
45400,22775,4535,0
45500,22678,4546,0
45600,22801,4592,0
45700,22847,4599,0
45800,22836,4558,0
45900,22871,4496,0
46000,22974,4582,0
46100,23091,4672,0
46200,23112,4600,0
46300,23274,4734,0
46400,23085,4565,0
46500,23239,4671,0
46600,23504,4627,0
46700,23589,4684,0
46800,23535,4760,0
46900,23324,4685,0
47000,23570,4734,0
47100,23511,4634,0
47200,23446,4666,0
47300,23711,4813,0
47400,23695,4723,0
47500,23691,4726,0
47600,23720,4756,0
47700,24011,4771,0
47800,23854,4812,0
47900,23702,4774,0
48000,24225,4902,0
48100,24135,4822,0
48200,24092,4844,0
48300,24250,4774,0
48400,24280,4892,0
48500,24071,4881,0
48600,24342,4855,0
48700,24108,4886,0
48800,24546,4727,0
48900,24691,5017,0
49000,24460,4961,0
49100,24740,4978,0
49200,24816,4963,0
49300,24779,5018,0
49400,24688,4985,0
49500,24741,4949,0
49600,24818,4938,0
49700,25156,5006,0
49800,25266,4927,0
49900,25040,5043,0
50000,24886,4953,0
50100,24969,4959,0
50200,25172,5057,0
50300,25309,5138,0
50400,25079,4981,0
50500,25352,5029,0
50600,25130,4980,0
50700,25408,5013,0
50800,25256,5067,0
50900,25520,5216,0
51000,25313,4996,0
51100,25605,5157,0
51200,25502,5144,0
51300,25661,5077,0
51400,25814,5188,0
51500,25646,5277,0
51600,25785,5172,0
51700,25883,5134,0
51800,26089,5249,0
51900,25980,5246,0
52000,26053,5255,0
52100,25988,5241,0
52200,26171,5298,0
52300,26155,5224,0
52400,26432,5290,0
52500,26286,5303,0
52600,26429,5255,0
52700,26244,5239,0
52800,26312,5255,0
52900,26346,5330,0
53000,26399,5236,0
53100,26505,5394,0
53200,26672,5205,0
53300,26709,5385,0
53400,26590,5377,0
53500,26731,5349,0
53600,26578,5326,0
53700,27032,5292,0
53800,26891,5376,0
53900,26896,5387,0
54000,26983,5435,0
54100,27051,5383,0
54200,26886,5310,0
54300,27016,5272,0
54400,27283,5460,0
54500,27124,5487,0
54600,27113,5362,0
54700,27652,5421,0
54800,27590,5584,0
54900,27384,5399,0
55000,27668,5507,0
55100,27612,5385,0
55200,27687,5704,0
55300,27917,5499,0
55400,27816,5563,0
55500,27666,5468,0
55600,28104,5555,0
55700,28003,5584,0
55800,28163,5592,0
55900,27911,5561,0
56000,28032,5550,0
56100,28054,5560,0
56200,28157,5807,0
56300,28161,5715,0
56400,27991,5494,0
56500,28132,5614,0
56600,28422,5751,0
56700,28330,5743,0
56800,28315,5697,0
56900,28322,5631,0
57000,28328,5749,0
57100,28491,5592,0
57200,28526,5730,0
57300,28681,5787,0
57400,28652,5895,0
57500,28526,5602,0
57600,28712,5704,0
57700,28619,5902,0
57800,28832,5679,0
57900,28875,5626,0
58000,29072,5826,0
58100,28961,5963,0
58200,29099,5860,0
58300,29163,5883,0
58400,29272,5810,0
58500,29411,5839,0
58600,29178,5898,0
58700,29327,5773,0
58800,29503,6042,0
58900,29375,5800,0
59000,29415,5827,0
59100,29506,5967,0
59200,29812,5975,0
59300,29692,5953,0
59400,29677,6040,0
59500,29751,5915,0
59600,29736,6017,0
59700,29920,6065,0
59800,29881,6085,0
59900,29713,6053,0
60000,30065,5908,0
60100,29901,5997,0
60200,30267,6050,0
60300,30008,6097,0
60400,30355,6169,0
60500,30391,5982,0
60600,30342,6248,0
60700,30416,5959,0
60800,30408,6016,0
60900,30594,6127,0
61000,30525,6106,0
61100,30470,6049,0
61200,30508,6088,0
61300,30637,6167,0
61400,30753,6047,0
61500,30471,6113,0
61600,30831,6265,0
61700,30789,6165,0
61800,31043,6192,0
61900,30963,6165,0
62000,30947,6064,0
62100,31186,6250,0
62200,31239,6315,0
62300,31180,6320,0
62400,31304,6364,0
62500,31232,6394,0
62600,31462,6297,0
62700,31305,6290,0
62800,31279,6297,0
62900,31180,6396,0
63000,31442,6356,0
63100,31725,6340,0
63200,31370,6319,0
63300,31436,6232,0
63400,31695,6380,0
63500,31685,6346,0
63600,31646,6318,0
63700,31904,6379,0
63800,31810,6326,0
63900,31909,6359,0
64000,32073,6211,0
64100,32157,6599,0
64200,31955,6406,0
64300,32148,6496,0
64400,32208,6533,0
64500,32272,6457,0
64600,32371,6540,0
64700,32229,6461,0
64800,32363,6512,0
64900,32339,6486,0
65000,32449,6480,0
65100,32564,6529,0
65200,32694,6524,0
65300,32480,6470,0
65400,32649,6491,0
65500,32643,6491,0
65600,32808,6561,0
65700,33008,6568,0
65800,32871,6520,0
65900,32819,6496,0
66000,32967,6574,0
66100,33029,6495,0
66200,33088,6724,0
66300,33277,6590,0
66400,33145,6643,0
66500,33190,6801,0
66600,33442,6819,0
66700,33386,6706,0
66800,33475,6816,0
66900,33698,6830,0
67000,33364,6755,0
67100,33569,6769,0
67200,33553,6736,0
67300,33776,6808,0
67400,33364,6751,0
67500,33694,6797,0
67600,33744,6817,0
67700,33927,6867,0
67800,33958,6863,0
67900,33935,6869,0
68000,33928,6712,0
68100,33884,6678,0
68200,34042,6858,0
68300,34383,6852,0
68400,34264,6786,0
68500,34251,6935,0
68600,34464,6783,0
68700,34370,6929,0
68800,34319,6771,0
68900,34419,6992,0
69000,34316,6713,0
69100,34405,6736,0
69200,34645,6916,0
69300,34780,6903,0
69400,34698,6910,0
69500,34729,7018,0
69600,34895,7015,0
69700,34922,7108,0
69800,35037,6934,0
69900,35067,7055,0
70000,34982,6937,0
70100,34997,6957,0
70200,35262,7027,0
70300,35247,7107,0
70400,35161,7015,0
70500,35177,7110,0
70600,35216,7074,0
70700,35381,7184,0
70800,35368,7076,0
70900,35389,7161,0
71000,35714,7270,0
71100,35444,7137,0
71200,35660,7111,0
71300,35628,7233,0
71400,35548,7117,0
71500,35788,7254,0
71600,35771,7123,0
71700,35813,7016,0
71800,35896,7328,0
71900,35756,7110,0
72000,36007,7148,0
72100,35977,7162,0
72200,36021,7444,0
72300,36177,7094,0
72400,36289,7227,0
72500,36221,7207,0
72600,36265,7336,0
72700,36515,7354,0
72800,36483,7327,0
72900,36403,7222,0
73000,36319,7286,0
73100,36316,7361,0
73200,36625,7231,0
73300,36802,7401,0
73400,36734,7418,0
73500,36601,7415,0
73600,36642,7166,0
73700,36757,7399,0
73800,36856,7263,0
73900,36802,7579,0
74000,36860,7378,0
74100,36964,7440,0
74200,37144,7462,0
74300,37165,7419,0
74400,37106,7368,0
74500,37092,7367,0
74600,37389,7449,0
74700,37238,7537,0
74800,37298,7501,0
74900,37581,7440,0
75000,37420,7462,0
75100,37748,7516,0
75200,37733,7391,0
75300,37646,7573,0
75400,37753,7640,0
75500,37577,7554,0
75600,37814,7531,0
75700,37884,7513,0
75800,37908,7668,0
75900,37834,7528,0
76000,37727,7518,0
76100,38080,7543,0
76200,38036,7600,0
76300,37875,7653,0
76400,38134,7480,0
76500,38366,7724,0
76600,37947,7638,0
76700,38151,7772,0
76800,38437,7800,0
76900,38574,7846,0
77000,38533,7733,0
77100,38524,7724,0
77200,38536,7770,0
77300,38736,7854,0
77400,38610,7687,0
77500,38725,7729,0
77600,38753,7822,0
77700,38661,7678,0
77800,38819,7899,0
77900,39097,7918,0
78000,39005,7781,0
78100,39137,7778,0
78200,38876,7796,0
78300,39047,7869,0
78400,39280,7802,0
78500,39184,7950,0
78600,39261,7797,0
78700,39219,7918,0
78800,39328,7654,0
78900,39630,7886,0
79000,39278,7861,0
79100,39378,7836,0
79200,39743,7910,0
79300,39613,7948,0
79400,39877,7885,0
79500,39614,7927,0
79600,39930,8029,0
79700,39634,7878,0
79800,39886,8072,0
79900,40053,8126,0
80000,40019,8053,0
80100,40108,8066,0
80200,39907,8101,0
80300,40287,7969,0
80400,40378,8090,0
80500,40321,8161,0
80600,40134,7958,0
80700,40493,8022,0
80800,40459,7987,0
80900,40495,7977,0
81000,40403,7970,0
81100,40769,8272,0
81200,40478,8078,0
81300,40774,8189,0
81400,40715,8148,0
81500,40714,8203,0
81600,40899,8328,0
81700,40788,8204,0
81800,40849,8299,0
81900,40963,8196,0
82000,41040,8214,0
82100,40826,8032,0
82200,41004,8221,0
82300,41175,8381,0
82400,41153,8151,0
82500,41360,8249,0
82600,41437,8269,0
82700,41376,8444,0
82800,41439,8248,0
82900,41763,8229,0
83000,41431,8178,0
83100,41394,8317,0
83200,41671,8391,0
83300,41691,8207,0
83400,41830,8255,0
83500,41674,8517,0
83600,41794,8384,0
83700,41731,8282,0
83800,41899,8440,0
83900,42130,8481,0
84000,41946,8365,0
84100,42039,8573,0
84200,42054,8384,0
84300,42240,8438,0
84400,42288,8458,0
84500,42289,8521,0
84600,42356,8431,0
84700,42351,8511,0
84800,42724,8454,0
84900,42300,8527,0
85000,42246,8548,0
85100,42450,8430,0
85200,42668,8439,0
85300,42568,8494,0
85400,42766,8433,0
85500,42719,8631,0
85600,42939,8637,0
85700,42913,8646,0
85800,43043,8542,0
85900,43033,8356,0
86000,43002,8687,0
86100,42893,8655,0
86200,43259,8660,0
86300,42740,8507,0
86400,43242,8599,0
86500,43265,8680,0
86600,43284,8710,0
86700,43305,8546,0
86800,43253,8617,0
86900,43530,8657,0
87000,43671,8731,0
87100,43781,8755,0
87200,43631,8679,0
87300,43521,8643,0
87400,43811,8731,0
87500,43797,8800,0
87600,43714,8692,0
87700,43649,8801,0
87800,43796,8787,0
87900,43726,8670,0
88000,44319,8850,0
88100,43908,8783,0
88200,44044,8965,0
88300,44272,8706,0
88400,43897,8759,0
88500,44501,8997,0
88600,44169,8851,0
88700,44369,8904,0
88800,44079,8842,0
88900,44460,8941,0
89000,44572,8930,0
89100,44421,8867,0
89200,44823,8758,0
89300,44858,8960,0
89400,44564,8808,0
89500,44885,8824,0
89600,44624,8922,0
89700,44626,8969,0
89800,45072,9067,0
89900,44871,8963,0
90000,44931,9077,0
90100,45085,9100,0
90200,45125,9043,0
90300,45128,9103,0
90400,45251,9144,0
90500,45269,8963,0
90600,45202,9087,0
90700,45385,9192,0
90800,45312,9094,0
90900,45707,9147,0
91000,45551,9167,0
91100,45462,9042,0
91200,45701,9044,0
91300,46050,9180,0
91400,45773,9276,0
91500,45513,9105,0
91600,45853,9190,0
91700,45923,9221,0
91800,46076,9185,0
91900,45960,9233,0
92000,45955,9127,0
92100,46196,9247,0
92200,46285,9333,0
92300,46129,9250,0
92400,46033,9288,0
92500,46311,9216,0
92600,46128,9166,0
92700,46278,9305,0
92800,46551,9246,0
92900,46546,9315,0
93000,46556,9278,0
93100,46790,9328,0
93200,46591,9430,0
93300,46501,9364,0
93400,46330,9450,0
93500,46844,9332,0
93600,46900,9311,0
93700,46918,9378,0
93800,47055,9523,0
93900,46914,9242,0
94000,47074,9316,0
94100,46964,9307,0
94200,47252,9453,0
94300,46932,9331,0
94400,46992,9403,0
94500,47095,9431,0
94600,47295,9457,0
94700,47370,9548,0
94800,47802,9522,0
94900,47566,9451,0
95000,47654,9733,0
95100,47749,9580,0
95200,47758,9368,0
95300,47589,9546,0
95400,47504,9356,0
95500,47465,9573,0
95600,47764,9576,0
95700,47876,9622,0
95800,47804,9563,0
95900,47953,9562,0
96000,47915,9589,0
96100,48064,9509,0
96200,48427,9685,0
96300,47962,9535,0
96400,48306,9562,0
96500,48022,9565,0
96600,48331,9773,0
96700,48378,9750,0
96800,48628,9637,0
96900,48517,9759,0
97000,48525,9582,0
97100,48113,9557,0
97200,48658,9768,0
97300,48659,9816,0
97400,48585,9774,0
97500,48730,9697,0
97600,48968,9812,0
97700,48750,9673,0
97800,48995,9763,0
97900,48909,9683,0
98000,48952,9781,0
98100,49137,9593,0
98200,49227,10005,0
98300,49209,9807,0
98400,49258,9652,0
98500,49188,9758,0
98600,49326,9878,0
98700,49443,9987,0
98800,49393,10079,0
98900,49618,9827,0
99000,49386,9800,0
99100,49285,9904,0
99200,49502,9825,0
99300,49695,10020,0
99400,49595,9944,0
99500,49633,9867,0
99600,49671,9919,0
99700,50042,10071,0
99800,49662,10185,0
99900,49997,9954,0
100000,50140,10038,0
100100,49880,9997,0
100200,50213,10195,0
100300,50192,10011,0
100400,50414,10166,0
100500,50292,10029,0
100600,50313,10067,0
100700,50446,10090,0
100800,50224,10088,0
100900,50515,10247,0
101000,50521,9998,0
101100,50407,10065,0
101200,50622,10125,0
101300,50456,10032,0
101400,50676,10241,0
101500,50564,10159,0
101600,50784,10069,0
101700,50749,10139,0
101800,50569,10186,0
101900,50791,10076,0
102000,51021,10217,0
102100,51031,10249,0
102200,51090,10288,0
102300,50987,10226,0
102400,51342,10380,0
102500,51121,10270,0
102600,51162,10178,0
102700,51469,10297,0
102800,51431,10291,0
102900,51601,10336,0
103000,51597,10264,0
103100,51469,10273,0
103200,51659,10322,0
103300,52037,10352,0
103400,51741,10403,0
103500,51779,10533,0
103600,51628,10303,0
103700,51659,10327,0
103800,51902,10355,0
103900,51859,10490,0
104000,51678,10403,0
104100,51966,10421,0
104200,52259,10445,0
104300,52093,10442,0
104400,52077,10365,0
104500,52358,10356,0
104600,52104,10484,0
104700,52026,10391,0
104800,52764,10432,0
104900,52183,10344,0
105000,52654,10438,0
105100,52570,10545,0
105200,52636,10696,0
105300,52972,10607,0
105400,52715,10614,0
105500,52686,10419,0
105600,52756,10513,0
105700,52942,10553,0
105800,52815,10587,0
105900,52954,10747,0
106000,52673,10432,0
106100,52797,10625,0
106200,53011,10516,0
106300,53229,10590,0
106400,53342,10632,0
106500,53227,10596,0
106600,53430,10788,0
106700,53468,10699,0
106800,53375,10757,0
106900,53345,10716,0
107000,53389,10738,0
107100,53534,10704,0
107200,53625,10842,0
107300,53722,10813,0
107400,53687,10815,0
107500,53948,10787,0
107600,53619,10772,0
107700,53956,10842,0
107800,53613,10791,0
107900,53669,10868,0
108000,54008,10952,0
108100,54179,10914,0
108200,54337,10821,0
108300,54286,10713,0
108400,54347,10829,0
108500,54380,10747,0
108600,54129,10606,0
108700,54514,10850,0
108800,54282,10847,0
108900,54341,10870,0
109000,54507,10956,0
109100,54615,10711,0
109200,55044,10921,0
109300,54760,10847,0
109400,54598,10964,0
109500,54806,10951,0
109600,54746,10876,0
109700,54857,10980,0
109800,54857,11048,0
109900,55399,10981,0
110000,54927,11085,0
110100,55110,10821,0
110200,55252,11151,0
110300,55029,10953,0
110400,55429,11133,0
110500,54937,11032,0
110600,55124,11167,0
110700,55479,11142,0
110800,55392,11187,0
110900,55495,10942,0
111000,55525,11006,0
111100,55854,11183,0
111200,55570,10922,0
111300,55714,11085,0
111400,55794,11169,0
111500,55815,11152,0
111600,56015,11235,0
111700,56035,11350,0
111800,55894,11156,0
111900,56024,11207,0
112000,56223,11218,0
112100,55941,11272,0
112200,56026,11268,0
112300,56353,11423,0
112400,56073,11376,0
112500,56367,11169,0
112600,56139,11145,0
112700,56607,11304,0
112800,56587,11460,0
112900,56664,11360,0
113000,56274,11285,0
113100,56307,11321,0
113200,56849,11084,0
113300,57036,11406,0
113400,56600,11383,0
113500,56661,11290,0
113600,56611,11315,0
113700,56954,11395,0
113800,56894,11320,0
113900,57077,11376,0
114000,56958,11496,0
114100,57165,11457,0
114200,56797,11525,0
114300,57366,11400,0
114400,57042,11379,0
114500,57529,11530,0
114600,57668,11557,0
114700,57390,11405,0
114800,57416,11455,0
114900,57411,11354,0
115000,57386,11467,0
115100,57433,11585,0
115200,57579,11672,0
115300,57940,11694,0
115400,57746,11583,0
115500,57857,11383,0
115600,57760,11568,0
115700,57767,11389,0
115800,58080,11748,0
115900,57587,11435,0
116000,58068,11574,0
116100,58107,11524,0
116200,58058,11679,0
116300,58285,11745,0
116400,58139,11564,0
116500,58093,11606,0
116600,58525,11724,0
116700,58460,11693,0
116800,58539,11835,0
116900,58374,11553,0
117000,58428,11527,0
117100,58456,11767,0
117200,58944,11897,0
117300,58540,11540,0
117400,58863,11524,0
117500,58711,11921,0
117600,58717,11807,0
117700,59014,11589,0
117800,58893,11768,0
117900,58939,11674,0
118000,59018,11697,0
118100,58831,11826,0
118200,59148,11807,0
118300,59195,11776,0
118400,59295,11889,0
118500,59229,11817,0
118600,59244,11836,0
118700,59213,11855,0
118800,59108,11906,0
118900,59138,11815,0
119000,59255,12039,0
119100,59474,12031,0
119200,59564,11772,0
119300,59743,12042,0
119400,59661,11887,0
119500,59730,11859,0
119600,59912,11921,0
119700,59643,11944,0
119800,59667,12044,0
119900,60023,11904,0
120000,60094,12115,0
120100,60157,11990,0
120200,60235,12130,0
120300,60568,12120,0
120400,60373,12096,0
120500,60197,11937,0
120600,60455,11813,0
120700,60466,12081,0
120800,60049,12029,0
120900,60565,11993,0
121000,60402,11995,0
121100,60464,12154,0
121200,60539,12141,0
121300,60797,12253,0
121400,60659,12129,0
121500,60674,12144,0
121600,60808,12097,0
121700,61145,12295,0
121800,60896,12245,0
121900,61118,12233,0
122000,61204,12003,0
122100,61107,12228,0
122200,61152,12136,0
122300,61622,12242,0
122400,61239,12409,0
122500,61315,12146,0
122600,61221,12056,0
122700,61200,12300,0
122800,61038,12179,0
122900,61240,12190,0
123000,61486,12421,0
123100,61607,12519,0
123200,61461,12290,0
123300,61464,12195,0
123400,61862,12453,0
123500,61954,12322,0
123600,61894,12584,0
123700,61763,12335,0
123800,61796,12416,0
123900,62067,12621,0
124000,61891,12194,0
124100,62030,12369,0
124200,61694,12311,0
124300,61955,12336,0
124400,62199,12299,0
124500,62147,12511,0
124600,62542,12636,0
124700,62169,12312,0
124800,62394,12502,0
124900,62310,12475,0
125000,62467,12510,0
125100,62407,12403,0
125200,62735,12620,0
125300,62798,12347,0
125400,62405,12478,0
125500,62609,12500,0
125600,63267,12757,0
125700,62765,12667,0
125800,62996,12461,0
125900,63041,12312,0
126000,63162,12568,0
126100,63091,12686,0
126200,63008,12468,0
126300,63188,12674,0
126400,63244,12746,0
126500,63351,12553,0
126600,63266,12657,0
126700,63768,12816,0
126800,63342,12887,0
126900,63647,12641,0
127000,63702,12728,0
127100,63587,12701,0
127200,63580,12795,0
127300,63756,12618,0
127400,63627,12702,0
127500,63968,12853,0
127600,63545,12680,0
127700,64183,12864,0
127800,63639,12658,0
127900,63724,12685,0
128000,63816,12714,0
128100,63906,12887,0
128200,63969,12873,0
128300,64317,12877,0
128400,64017,12906,0
128500,64393,12920,0
128600,64329,12889,0
128700,64335,12853,0
128800,64728,12916,0
128900,64511,12915,0
129000,64488,12885,0
129100,64649,12971,0
129200,64323,12580,0
129300,64794,12953,0
129400,64561,12894,0
129500,64896,12933,0
129600,64933,12867,0
129700,64996,13019,0
129800,64861,13122,0
129900,64882,13005,0
130000,65092,13105,0
130100,64907,12949,0
130200,64929,13046,0
130300,64961,12978,0
130400,65071,13054,0
130500,65082,12888,0
130600,65716,13025,0
130700,65472,13228,0
130800,65258,13196,0
130900,65590,13113,0
131000,65685,13071,0
131100,65647,13091,0
131200,65793,13111,0
131300,65230,13169,0
131400,65652,13100,0
131500,65607,13184,0
131600,66090,13539,0
131700,65978,13169,0
131800,66512,13305,0
131900,66027,13229,0
132000,66036,13278,0
132100,66073,13294,0
132200,66171,13256,0
132300,66189,13210,0
132400,66364,13279,0
132500,66220,13368,0
132600,66176,13302,0
132700,66224,13336,0
132800,66615,13256,0
132900,66369,13252,0
133000,66468,13275,0
133100,66538,13408,0
133200,66677,13214,0
133300,66810,13373,0
133400,66642,13276,0
133500,66877,13503,0
133600,66790,13471,0
133700,66777,13511,0
133800,66893,13563,0
133900,67231,13463,0
134000,67258,13490,0
134100,67233,13493,0
134200,67141,13302,0
134300,67305,13472,0
134400,67117,13594,0
134500,67121,13516,0
134600,67212,13486,0
134700,67547,13434,0
134800,67298,13611,0
134900,67571,13526,0
135000,67728,13707,0
135100,67223,13572,0
135200,67509,13323,0
135300,67576,13587,0
135400,67873,13556,0
135500,67753,13585,0
135600,67950,13639,0
135700,67905,13610,0
135800,67753,13626,0
135900,68146,13543,0
136000,68121,13522,0
136100,68104,13728,0
136200,68188,13595,0
136300,68040,13745,0
136400,67948,13560,0
136500,68166,13540,0
136600,68187,13678,0
136700,68269,13653,0
136800,68380,13737,0
136900,68752,13874,0
137000,68567,13729,0
137100,68439,13673,0
137200,68943,13671,0
137300,68494,13783,0
137400,69206,13764,0
137500,68898,13621,0
137600,68924,13795,0
137700,68839,13820,0
137800,68964,13728,0
137900,68635,13916,0
138000,68900,13728,0
138100,69201,13949,0
138200,68998,13961,0
138300,69365,13787,0
138400,69278,13859,0
138500,69403,13853,0
138600,69653,13955,0
138700,69373,13827,0
138800,69141,13901,0
138900,69328,13900,0
139000,69293,14010,0
139100,69575,13938,0
139200,69655,14072,0
139300,69527,13893,0
139400,69757,13931,0
139500,69400,13799,0
139600,69799,14106,0
139700,70176,13995,0
139800,69991,14112,0
139900,69961,13969,0
140000,70065,13990,0
140100,70112,14012,0
140200,70016,13899,0
140300,70344,13987,0
140400,70624,14095,0
140500,70455,14126,0
140600,70269,14124,0
140700,70385,14209,0
140800,70512,13995,0
140900,70499,14051,0
141000,70567,14249,0
141100,70471,13988,0
141200,70576,14229,0
141300,70800,14355,0
141400,70611,14178,0
141500,71028,14121,0
141600,70820,14083,0
141700,70785,14077,0
141800,70999,14187,0
141900,70768,14052,0
142000,70899,14065,0
142100,71427,14583,0
142200,71178,14424,0
142300,70985,14153,0
142400,71446,14291,0
142500,71436,14177,0
142600,71515,14414,0
142700,71209,14265,0
142800,71328,14219,0
142900,71055,14128,0
143000,71505,14353,0
143100,71830,14389,0
143200,71620,14383,0
143300,71567,14358,0
143400,71549,14368,0
143500,71570,14366,0
143600,71716,14257,0
143700,71704,14520,0
143800,72163,14623,0
143900,72155,14348,0
144000,71864,14374,0
144100,71953,14453,0
144200,72342,14386,0
144300,71692,14420,0
144400,72386,14352,0
144500,71890,14313,0
144600,72312,14277,0
144700,72191,14551,0
144800,72506,14447,0
144900,72630,14460,0
145000,72405,14586,0
145100,72493,14430,0
145200,73055,14547,0
145300,72490,14525,0
145400,72948,14496,0
145500,72847,14451,0
145600,73045,14484,0
145700,72688,14562,0
145800,73014,14562,0
145900,72956,14616,0
146000,72652,14473,0
146100,72680,14562,0
146200,73085,14782,0
146300,73580,14628,0
146400,73175,14887,0
146500,73071,14680,0
146600,73385,14565,0
146700,73114,14534,0
146800,73344,14562,0
146900,73601,14737,0
147000,73363,14596,0
147100,73487,14740,0
147200,73916,14674,0
147300,73525,14657,0
147400,73681,14877,0
147500,73791,14612,0
147600,73709,14679,0
147700,73515,14669,0
147800,73947,14762,0
147900,74143,14876,0
148000,74395,14848,0
148100,73991,14688,0
148200,73754,14692,0
148300,74319,14911,0
148400,74286,14956,0
148500,74158,14689,0
148600,74288,14870,0
148700,74414,14868,0
148800,74460,15034,0
148900,74685,14950,0
149000,74310,15017,0
149100,74406,14911,0
149200,74617,14855,0
149300,74632,14922,0
149400,74812,14978,0
149500,74675,14990,0
149600,74761,15028,0
149700,75229,15006,0
149800,74835,15016,0
149900,74943,15029,0
150000,74934,14899,0
150100,75091,14964,0
150200,75401,15178,0
150300,75170,14864,0
150400,74842,14838,0
150500,75411,15175,0
150600,74993,14956,0
150700,75512,15060,0
150800,75571,15030,0
150900,75371,14978,0
151000,75534,15152,0
151100,75223,14968,0
151200,75747,15021,0
151300,75494,15098,0
151400,75528,15022,0
151500,75708,15276,0
151600,75690,15025,0
151700,75601,15251,0
151800,76147,15432,0
151900,76284,15209,0
152000,76026,15219,0
152100,76390,15295,0
152200,76176,15335,0
152300,76154,15145,0
152400,76490,15473,0
152500,75964,15313,0
152600,76407,15372,0
152700,76270,15135,0
152800,76257,15327,0
152900,76345,15142,0
153000,76555,15263,0
153100,76710,15391,0
153200,76552,15095,0
153300,76890,15474,0
153400,76696,15111,0
153500,76734,15307,0
153600,76838,15449,0
153700,76850,15331,0
153800,77106,15402,0
153900,76914,15514,0
154000,77018,15468,0
154100,77509,15574,0
154200,77241,15401,0
154300,77177,15374,0
154400,77360,15335,0
154500,76828,15565,0
154600,77412,15592,0
154700,77564,15598,0
154800,76952,15441,0
154900,77330,15421,0
155000,77300,15580,0
155100,77392,15481,0
155200,77431,15385,0
155300,77774,15385,0
155400,77756,15896,0
155500,77766,15705,0
155600,77975,15666,0
155700,77732,15332,0
155800,77771,15663,0
155900,77946,15416,0
156000,78123,15588,0
156100,78143,15504,0
156200,78081,15587,0
156300,77903,15346,0
156400,78357,15643,0
156500,78218,15672,0
156600,78217,15482,0
156700,78359,15608,0
156800,78758,15574,0
156900,78484,15640,0
157000,78711,15873,0
157100,78437,15860,0
157200,78661,15722,0
157300,79109,15760,0
157400,79096,15903,0
157500,78738,15742,0
157600,78897,15888,0
157700,79113,15874,0
157800,78659,15835,0
157900,78923,15654,0
158000,79133,16010,0
158100,78915,15774,0
158200,79044,15720,0
158300,78824,15908,0
158400,79419,15757,0
158500,79102,15893,0
158600,79235,15994,0
158700,79184,15844,0
158800,79282,15856,0
158900,79613,15655,0
159000,79440,15837,0
159100,79887,16031,0
159200,79804,15998,0
159300,79661,15870,0
159400,80083,16066,0
159500,80160,16131,0
159600,79856,15987,0
159700,79879,16177,0
159800,79708,16069,0
159900,79697,15841,0
160000,79970,15990,0
160100,80045,16228,0
160200,80198,15758,0
160300,79909,15876,0
160400,80487,16245,0
160500,80347,16032,0
160600,80522,15949,0
160700,80361,15870,0
160800,80412,16184,0
160900,80138,16028,0
161000,80579,16134,0
161100,80265,16085,0
161200,80336,16065,0
161300,80689,16191,0
161400,80502,16052,0
161500,81019,16195,0
161600,80804,16102,0
161700,80829,15929,0
161800,81122,16338,0
161900,80898,16289,0
162000,81085,16160,0
162100,81027,16196,0
162200,81399,16330,0
162300,81229,16275,0
162400,80890,16233,0
162500,81289,16208,0
162600,81472,16408,0
162700,81409,16304,0
162800,81235,16131,0
162900,81746,16390,0
163000,81433,16163,0
163100,81678,16263,0
163200,81577,16302,0
163300,81847,16162,0
163400,81744,16449,0
163500,81476,16388,0
163600,81697,16367,0
163700,82032,16402,0
163800,82067,16435,0
163900,81672,16470,0
164000,81762,16277,0
164100,81938,16277,0
164200,82036,16452,0
164300,82093,16525,0
164400,82205,16093,0
164500,82171,16313,0
164600,82614,16446,0
164700,82484,16411,0
164800,82646,16671,0
164900,82339,16615,0
165000,82432,16360,0
165100,82737,16571,0
165200,82423,16364,0
165300,82909,16467,0
165400,82494,16462,0
165500,82700,16349,0
165600,82800,16371,0
165700,83030,16581,0
165800,82875,16830,0
165900,82868,16377,0
166000,83007,16570,0
166100,82968,16534,0
166200,83012,16663,0
166300,83083,16596,0
166400,83061,16468,0
166500,83218,16503,0
166600,83306,16769,0
166700,82698,16423,0
166800,83332,16591,0
166900,83664,16705,0
167000,83481,16840,0
167100,83221,16646,0
167200,83772,16639,0
167300,83771,16693,0
167400,83616,16608,0
167500,83432,16716,0
167600,83682,16749,0
167700,83882,16758,0
167800,84150,16881,0
167900,84066,16787,0
168000,83641,16616,0
168100,84315,16886,0
168200,83879,16817,0
168300,84158,16821,0
168400,84243,16992,0
168500,84487,16771,0
168600,84397,16771,0
168700,84169,16970,0
168800,84505,16881,0
168900,84850,17169,0
169000,85013,16945,0
169100,84284,16976,0
169200,85107,16984,0
169300,84496,16882,0
169400,84978,16816,0
169500,85219,17117,0
169600,84826,16869,0
169700,84438,16952,0
169800,85038,16972,0
169900,84944,17118,0
170000,85011,16940,0
170100,85039,16819,0
170200,85112,17151,0
170300,85299,17171,0
170400,85193,16953,0
170500,85457,17104,0
170600,85372,17086,0
170700,85404,16984,0
170800,84918,16912,0
170900,85352,17029,0
171000,85247,16885,0
171100,85606,17009,0
171200,85700,17100,0
171300,85586,16855,0
171400,86017,17109,0
171500,85535,17060,0
171600,85865,17201,0
171700,85875,17235,0
171800,86046,16972,0
171900,85814,17208,0
172000,85865,17403,0
172100,85990,17267,0
172200,86142,17136,0
172300,85944,17066,0
172400,86676,17335,0
172500,85937,17419,0
172600,86111,17010,0
172700,86365,17343,0
172800,86041,17245,0
172900,86456,17080,0
173000,86635,17282,0
173100,86671,17348,0
173200,86897,17504,0
173300,86708,17479,0
173400,86576,17557,0
173500,86649,17291,0
173600,86812,17229,0
173700,87155,17391,0
173800,86881,17781,0
173900,86937,17383,0
174000,86939,17304,0
174100,86893,17261,0
174200,87007,17439,0
174300,86942,17537,0
174400,87002,17452,0
174500,87011,17408,0
174600,87039,17177,0
174700,87318,17402,0
174800,87480,17670,0
174900,87271,17488,0
175000,87554,17603,0
175100,87824,17417,0
175200,87770,17485,0
175300,87336,17537,0
175400,87764,17466,0
175500,87945,17717,0
175600,88117,17403,0
175700,87707,17526,0
175800,87644,17538,0
175900,87864,17811,0
176000,87924,17651,0
176100,88028,17671,0
176200,87961,17454,0
176300,88270,17617,0
176400,87634,17385,0
176500,88335,17587,0
176600,88457,17452,0
176700,88152,17959,0
176800,88381,17736,0
176900,88636,17722,0
177000,88587,17596,0
177100,88453,17734,0
177200,88818,17825,0
177300,88788,17763,0
177400,88804,17703,0
177500,88881,17812,0
177600,89003,17767,0
177700,88623,17765,0
177800,89074,17507,0
177900,89428,17838,0
178000,88871,17874,0
178100,89433,17920,0
178200,89056,17955,0
178300,89393,17679,0
178400,89014,17591,0
178500,89132,17802,0
178600,89505,17903,0
178700,88940,17882,0
178800,89008,17960,0
178900,89130,18031,0
179000,89457,17901,0
179100,89335,17790,0
179200,89938,17786,0
179300,89583,17786,0
179400,89550,17780,0
179500,89796,17975,0
179600,89529,17754,0
179700,90238,17903,0
179800,89795,18087,0
179900,90319,18012,0
180000,89928,17971,0
180100,90288,18099,0
180200,90185,18062,0
180300,90478,17980,0
180400,90517,18141,0
180500,89952,18033,0
180600,90209,17867,0
180700,91121,18127,0
180800,90215,18037,0
180900,90770,18178,0
181000,90407,18032,0
181100,91169,17916,0
181200,90749,18189,0
181300,90380,17794,0
181400,90672,18440,0
181500,91149,18171,0
181600,91103,18289,0
181700,90872,18203,0
181800,90651,18396,0
181900,91160,18289,0
182000,91122,18109,0
182100,91106,18258,0
182200,91423,18147,0
182300,91223,18084,0
182400,90925,18258,0
182500,91063,18109,0
182600,91586,18212,0
182700,91312,18304,0
182800,91241,18228,0
182900,91386,18389,0
183000,91345,18203,0
183100,91394,18137,0
183200,91942,18368,0
183300,91595,18366,0
183400,91606,18486,0
183500,91970,18383,0
183600,91921,18094,0
183700,91670,18424,0
183800,92016,18534,0
183900,91693,18214,0
184000,91947,18478,0
184100,91913,17982,0
184200,91995,18437,0
184300,92291,18358,0
184400,92409,18426,0
184500,91913,18340,0
184600,92189,18454,0
184700,92200,18408,0
184800,92419,18317,0
184900,92528,18360,0
185000,92759,18461,0
185100,92543,18614,0
185200,92523,18365,0
185300,92487,18614,0
185400,92605,18557,0
185500,92814,18518,0
185600,92882,18582,0
185700,92559,18476,0
185800,92678,18233,0
185900,92849,18371,0
186000,93119,18567,0
186100,92791,18713,0
186200,93232,18835,0
186300,93031,18554,0
186400,93362,18600,0
186500,93404,18710,0
186600,93738,18746,0
186700,93598,18783,0
186800,93581,18721,0
186900,93023,18726,0
187000,93329,18537,0
187100,93737,18916,0
187200,93826,18742,0
187300,93422,18624,0
187400,93952,18719,0
187500,93627,18609,0
187600,93778,18716,0
187700,93968,18913,0
187800,94008,18971,0
187900,94137,18743,0
188000,93965,18806,0
188100,93665,18718,0
188200,94049,18866,0
188300,93826,18595,0
188400,94387,18839,0
188500,93791,18895,0
188600,93994,18757,0
188700,94562,18693,0
188800,94307,18949,0
188900,94247,18929,0
189000,94403,18649,0
189100,94356,18886,0
189200,94933,18968,0
189300,94535,18819,0
189400,94561,18948,0
189500,94887,19025,0
189600,94419,18667,0
189700,94928,18986,0
189800,94705,19050,0
189900,95126,19059,0
190000,95220,19095,0
190100,94988,19166,0
190200,95303,18952,0
190300,94869,19083,0
190400,95495,19101,0
190500,95461,18978,0
190600,95538,19061,0
190700,95345,18918,0
190800,95368,18909,0
190900,95557,19226,0
191000,95546,19176,0
191100,95515,19045,0
191200,95173,19127,0
191300,95580,19135,0
191400,95573,19110,0
191500,95918,19312,0
191600,96031,19106,0
191700,95880,19194,0
191800,96035,19101,0
191900,95743,19270,0
192000,96319,19130,0
192100,95892,19191,0
192200,96484,19106,0
192300,96355,19428,0
192400,96539,19358,0
192500,95951,19104,0
192600,96148,19072,0
192700,96472,19186,0
192800,96369,19399,0
192900,96248,19246,0
193000,96692,19270,0
193100,96729,19330,0
193200,96549,19439,0
193300,97063,19387,0
193400,96892,19305,0
193500,96939,19407,0
193600,96633,19348,0
193700,96993,19534,0
193800,96767,19462,0
193900,96819,19411,0
194000,97129,19539,0
194100,97064,19344,0
194200,97342,19461,0
194300,97199,19496,0
194400,97207,19509,0
194500,96908,19534,0
194600,97285,19463,0
194700,97148,19425,0
194800,97339,19596,0
194900,97731,19745,0
195000,98048,19573,0
195100,97533,19457,0
195200,97714,19626,0
195300,97722,19411,0
195400,97851,19509,0
195500,97786,19645,0
195600,97793,19548,0
195700,97957,19720,0
195800,98155,19709,0
195900,97720,19831,0
196000,97968,19564,0
196100,98028,19407,0
196200,98097,19657,0
196300,98173,19577,0
196400,98077,19704,0
196500,98354,19653,0
196600,98028,19575,0
196700,98340,19772,0
196800,98445,19644,0
196900,98306,19727,0
197000,98377,19587,0
197100,98534,19880,0
197200,98712,19905,0
197300,98484,19611,0
197400,98210,19494,0
197500,98333,19754,0
197600,98797,19683,0
197700,98917,19791,0
197800,99147,19739,0
197900,99325,20010,0
198000,99108,19798,0
198100,99036,19826,0
198200,99408,19792,0
198300,99349,19823,0
198400,99333,19933,0
198500,99373,19846,0
198600,99199,19730,0
198700,99780,20033,0
198800,99286,19714,0
198900,99641,19734,0
199000,98973,19826,0
199100,99576,19968,0
199200,99607,19984,0
199300,99631,20070,0
199400,99800,19889,0
199500,99927,20018,0
199600,99658,19877,0
199700,99891,19944,0
199800,100188,19929,0
199900,100203,19979,0
200000,99846,19925,0
200100,100128,20067,0
200200,99951,20133,0
200300,100329,20008,0
200400,100485,20268,0
200500,100248,20241,0
200600,100754,20134,0
200700,100271,20091,0
200800,100309,19936,0
200900,100172,19964,0
201000,100438,20180,0
201100,100269,20061,0
201200,100656,20168,0
201300,100800,20111,0
201400,100836,19997,0
201500,100767,20271,0
201600,100918,20146,0
201700,101142,20081,0
201800,100663,20100,0
201900,100967,20111,0
202000,101071,20010,0
202100,101285,20222,0
202200,100887,20273,0
202300,100893,20185,0
202400,101156,20056,0
202500,101230,20124,0
202600,101438,20047,0
202700,101280,20394,0
202800,101458,20301,0
202900,101742,20215,0
203000,101619,20440,0
203100,101682,20168,0
203200,101433,20258,0
203300,101643,20368,0
203400,101515,20265,0
203500,101306,20347,0
203600,101919,20402,0
203700,101616,20400,0
203800,101675,20460,0
203900,101922,20345,0
204000,101949,20376,0
204100,101972,20437,0
204200,101828,20238,0
204300,101979,20516,0
204400,102393,20365,0
204500,102408,20447,0
204600,102222,20360,0
204700,102578,20662,0
204800,102420,20492,0
204900,102336,20480,0
205000,102500,20771,0
205100,102820,20650,0
205200,102471,20291,0
205300,102314,20419,0
205400,103065,20604,0
205500,102716,20441,0
205600,102864,20416,0
205700,102817,20624,0
205800,102644,20558,0
205900,103374,20898,0
206000,102691,20764,0
206100,103339,20736,0
206200,102683,20601,0
206300,103101,20552,0
206400,103355,20802,0
206500,103149,20560,0
206600,103058,20796,0
206700,103260,20695,0
206800,103624,20889,0
206900,102841,20358,0
207000,104013,20824,0
207100,103387,20669,0
207200,103212,20677,0
207300,103941,20581,0
207400,103731,20770,0
207500,103750,20740,0
207600,103391,20547,0
207700,103740,20789,0
207800,103896,20715,0
207900,104295,20800,0
208000,103743,20898,0
208100,104040,20763,0
208200,104531,20969,0
208300,104127,20886,0
208400,104191,20852,0
208500,103721,20917,0
208600,104420,20895,0
208700,104466,21041,0
208800,104308,20906,0
208900,104808,20889,0
209000,104902,21200,0
209100,104729,21034,0
209200,105052,21183,0
209300,104693,20733,0
209400,104360,20808,0
209500,104875,21021,0
209600,104562,20827,0
209700,105092,21038,0
209800,104328,20811,0
209900,104643,20923,0
210000,105127,21199,0
210100,104951,20924,0
210200,105523,21096,0
210300,105040,21042,0
210400,105045,21117,0
210500,105172,20974,0
210600,105105,20951,0
210700,105769,21184,0
210800,105572,21007,0
210900,105624,21179,0
211000,104978,20939,0
211100,106116,21236,0
211200,105623,21260,0
211300,106126,21279,0
211400,105622,21345,0
211500,105829,21058,0
211600,105610,21086,0
211700,106056,21381,0
211800,106084,21161,0
211900,105680,21188,0
212000,105884,20956,0
212100,106072,21245,0
212200,105976,21155,0
212300,106242,21102,0
212400,106438,21444,0
212500,106287,21110,0
212600,105998,21277,0
212700,106381,21408,0
212800,106335,21501,0
212900,106144,21254,0
213000,106495,21207,0
213100,106413,21413,0
213200,106700,21278,0
213300,106535,21231,0
213400,106410,21252,0
213500,106784,21417,0
213600,106910,21422,0
213700,106866,21286,0
213800,107012,21460,0
213900,107110,21534,0
214000,107233,21530,0
214100,106719,21410,0
214200,107037,21372,0
214300,106599,21339,0
214400,107372,21735,0
214500,107151,21540,0
214600,107676,21363,0
214700,107028,21188,0
214800,107170,21303,0
214900,106718,21205,0
215000,107884,21553,0
215100,107430,21492,0
215200,107729,21426,0
215300,107964,21608,0
215400,107691,21384,0
215500,107472,21517,0
215600,107709,21585,0
215700,107963,21497,0
215800,108227,21520,0
215900,107844,21591,0
216000,108257,21653,0
216100,108039,21558,0
216200,107880,21479,0
216300,107916,21636,0
216400,108318,21808,0
216500,108368,21591,0
216600,108410,21562,0
216700,108209,21423,0
216800,108392,21807,0
216900,108333,21556,0
217000,109080,21950,0
217100,108781,21913,0
217200,107761,21615,0
217300,108761,21879,0
217400,108643,21523,0
217500,108823,21997,0
217600,108894,21740,0
217700,108906,21879,0
217800,108467,21574,0
217900,108604,21889,0
218000,109087,21798,0
218100,108978,21749,0
218200,109132,21605,0
218300,109536,22019,0
218400,109461,21788,0
218500,109506,21997,0
218600,109111,21819,0
218700,109702,22035,0
218800,109650,22215,0
218900,109360,21944,0
219000,108991,21886,0
219100,109429,22025,0
219200,109563,21868,0
219300,110211,21963,0
219400,110140,21974,0
219500,109445,21891,0
219600,109836,22135,0
219700,109864,21992,0
219800,109902,21969,0
219900,109946,21930,0
220000,109896,21946,0
220100,110139,22148,0
220200,110569,22123,0
220300,110122,21836,0
220400,109695,21867,0
220500,110290,21931,0
220600,110521,22157,0
220700,110483,22125,0
220800,110081,22168,0
220900,110434,21907,0
221000,110800,22152,0
221100,110408,22149,0
221200,110490,22028,0
221300,110738,21978,0
221400,110819,21964,0
221500,110722,22018,0
221600,110478,22164,0
221700,110816,22126,0
221800,110941,22321,0
221900,110639,22275,0
222000,111070,21909,0
222100,110806,22156,0
222200,110602,22204,0
222300,111184,22458,0
222400,111186,22287,0
222500,111703,22331,0
222600,111361,22172,0
222700,111125,21998,0
222800,111467,22297,0
222900,111625,22371,0
223000,111439,22245,0
223100,111593,22461,0
223200,111883,22485,0
223300,111672,22243,0
223400,111799,22306,0
223500,111638,22037,0
223600,111748,22576,0
223700,112104,22508,0
223800,111948,22332,0
223900,112020,22312,0
224000,111956,22475,0
224100,112066,22449,0
224200,112159,22432,0
224300,112194,22411,0
224400,112760,22487,0
224500,112061,22438,0
224600,112772,22520,0
224700,112531,22504,0
224800,112300,22653,0
224900,112438,22250,0
225000,112595,22469,0
225100,112408,22618,0
225200,112757,22496,0
225300,112662,22642,0
225400,112939,22501,0
225500,112793,22530,0
225600,112812,22403,0
225700,113050,22759,0
225800,112827,22606,0
225900,112781,22443,0
226000,112449,22474,0
226100,113064,22692,0
226200,113366,22504,0
226300,113161,22897,0
226400,113532,22892,0
226500,113557,22633,0
226600,113321,22763,0
226700,113423,22665,0
226800,113649,22670,0
226900,113281,22578,0
227000,112853,22753,0
227100,113385,22588,0
227200,113668,22813,0
227300,114232,22990,0
227400,113973,22943,0
227500,113933,22918,0
227600,113611,22582,0
227700,113764,22686,0
227800,113790,22923,0
227900,114145,23109,0
228000,113838,22718,0
228100,113911,22962,0
228200,114314,22830,0
228300,114199,22767,0
228400,114743,22856,0
228500,114578,23105,0
228600,113764,22896,0
228700,114187,22855,0
228800,114739,22730,0
228900,114294,22968,0
229000,114674,23149,0
229100,114684,22876,0
229200,114381,23103,0
229300,114640,22902,0
229400,114742,22896,0
229500,115044,22886,0
229600,114973,23165,0
229700,114965,22902,0
229800,114813,23117,0
229900,114954,23068,0
230000,115227,23027,0
230100,115223,23077,0
230200,115231,23110,0
230300,115235,23135,0
230400,114887,23074,0
230500,115075,22794,0
230600,115306,23272,0
230700,115662,23011,0
230800,115486,23239,0
230900,115259,22989,0
231000,115339,22901,0
231100,115386,23303,0
231200,115920,23123,0
231300,115543,23301,0
231400,115228,23044,0
231500,115683,23351,0
231600,115642,22897,0
231700,115932,23376,0
231800,115740,23195,0
231900,116082,23295,0
232000,116004,23245,0
232100,115819,23330,0
232200,116095,23242,0
232300,116454,23119,0
232400,116045,23428,0
232500,115799,23079,0
232600,116121,23361,0
232700,116284,23238,0
232800,115747,23208,0
232900,116664,23535,0
233000,116522,23544,0
233100,116250,23101,0
233200,116965,23366,0
233300,116489,23550,0
233400,116765,23567,0
233500,116862,23269,0
233600,116390,23298,0
233700,116989,23239,0
233800,116675,23298,0
233900,117195,23475,0
234000,117328,23276,0
234100,116292,23241,0
234200,117105,23603,0
234300,117099,23325,0
234400,117038,23313,0
234500,117470,23427,0
234600,117219,23562,0
234700,117497,23434,0
234800,117575,23577,0
234900,117627,23505,0
235000,117365,23539,0
235100,117708,23597,0
235200,117386,23238,0
235300,117787,23700,0
235400,117793,23539,0
235500,117512,23552,0
235600,117948,23864,0
235700,118117,23765,0
235800,118084,23758,0
235900,117836,23447,0
236000,117873,23622,0
236100,118145,23642,0
236200,118309,23904,0
236300,117866,23609,0
236400,118180,23738,0
236500,118272,23593,0
236600,118034,23788,0
236700,118478,23548,0
236800,118608,23626,0
236900,118288,23654,0
237000,118472,23770,0
237100,118775,23707,0
237200,118179,23537,0
237300,118798,23751,0
237400,118669,23905,0
237500,118709,23626,0
237600,119063,23874,0
237700,118849,23723,0
237800,118452,23883,0
237900,118650,23813,0
238000,119212,23884,0
238100,118888,23875,0
238200,119089,23801,0
238300,118913,23794,0
238400,119196,23935,0
238500,118908,23881,0
238600,119391,23959,0
238700,119529,23714,0
238800,119167,23684,0
238900,119399,23796,0
239000,119376,23927,0
239100,119638,23777,0
239200,119219,23883,0
239300,119566,23776,0
239400,119840,24102,0
239500,119420,23958,0
239600,120207,23841,0
239700,119798,23951,0
239800,120245,24291,0
239900,119999,24136,0
240000,119699,23859,0
240100,120368,23918,0
240200,119929,23832,0
240300,120268,24042,0
240400,120263,23919,0
240500,119695,23797,0
240600,120197,23925,0
240700,120097,24028,0
240800,120378,24038,0
240900,120673,24053,0
241000,120567,24187,0
241100,120902,24196,0
241200,120745,24224,0
241300,120648,23878,0
241400,120923,24028,0
241500,120988,24046,0
241600,120606,24140,0
241700,120627,24115,0
241800,121148,24362,0
241900,121371,24243,0
242000,120708,24105,0
242100,121065,24211,0
242200,120914,24242,0
242300,120978,24189,0
242400,121045,24165,0
242500,120890,24229,0
242600,121274,24278,0
242700,121101,24544,0
242800,121254,24031,0
242900,121842,24425,0
243000,121538,24461,0
243100,121696,24317,0
243200,121413,24279,0
243300,121789,24439,0
243400,121702,24524,0
243500,121331,24155,0
243600,121978,24382,0
243700,121683,24334,0
243800,121989,24593,0
243900,122048,24350,0
244000,121953,24325,0
244100,121531,24418,0
244200,122262,24271,0
244300,122381,24703,0
244400,122230,24401,0
244500,122571,24586,0
244600,122427,24294,0
244700,122198,24502,0
244800,122434,24615,0
244900,122543,24678,0
245000,122272,24079,0
245100,122882,24328,0
245200,122926,24477,0
245300,122543,24388,0
245400,122470,24525,0
245500,122630,24616,0
245600,122877,24521,0
245700,122621,24498,0
245800,122352,24585,0
245900,122955,24507,0
246000,122564,24586,0
246100,122656,24488,0
246200,123113,24532,0
246300,122759,24484,0
246400,123264,24599,0
246500,123470,24724,0
246600,123164,24572,0
246700,123323,24638,0
246800,123202,24535,0
246900,123091,24791,0
247000,123203,24490,0
247100,123641,24736,0
247200,123889,24918,0
247300,123810,24771,0
247400,123527,24850,0
247500,123909,24674,0
247600,124050,24806,0
247700,124109,24771,0
247800,123621,24824,0
247900,123908,24803,0
248000,124355,24965,0
248100,123556,24512,0
248200,124053,24696,0
248300,123902,24835,0
248400,124322,24973,0
248500,124296,24932,0
248600,124343,24709,0
248700,124039,24739,0
248800,124603,24905,0
248900,125065,24933,0
249000,124352,24727,0
249100,124263,24909,0
249200,124697,24909,0
249300,124270,24863,0
249400,124587,25024,0
249500,124722,24707,0
249600,124695,24987,0
249700,124735,25178,0
249800,125004,25246,0
249900,125486,25025,0
250000,125449,24998,0
250100,124891,24886,0
250200,125251,25108,0
250300,125232,24829,0
250400,124970,25106,0
250500,125291,25123,0
250600,125247,25078,0
250700,125737,25112,0
250800,125321,25167,0
250900,125540,25159,0
251000,125040,24914,0
251100,125634,25154,0
251200,125571,24997,0
251300,125432,25197,0
251400,125980,25220,0
251500,126109,25306,0
251600,125438,24934,0
251700,125452,24996,0
251800,126019,25223,0
251900,125935,25064,0
252000,125825,25119,0
252100,125553,24969,0
252200,125888,25280,0
252300,126221,25249,0
252400,125787,25049,0
252500,126042,25108,0
252600,126188,25277,0
252700,126072,25258,0
252800,126343,25251,0
252900,126352,25255,0
253000,126673,25157,0
253100,126501,25345,0
253200,126890,25142,0
253300,126304,25283,0
253400,126731,25328,0
253500,126364,25281,0
253600,127024,25262,0
253700,127084,25274,0
253800,127270,25371,0
253900,126984,25268,0
254000,127083,25434,0
254100,126773,25526,0
254200,126776,25599,0
254300,127258,25425,0
254400,127356,25505,0
254500,127119,25468,0
254600,127031,25382,0
254700,127579,25525,0
254800,127533,25644,0
254900,127277,25371,0
255000,127373,25194,0
255100,128015,25606,0
255200,127444,25632,0
255300,128111,25633,0
255400,127875,25450,0
255500,128025,25488,0
255600,127778,25339,0
255700,128115,25863,0
255800,127725,25613,0
255900,127812,25508,0
256000,127664,25388,0
256100,128415,25614,0
256200,127940,25667,0
256300,128177,25641,0
256400,128078,25484,0
256500,127848,25616,0
256600,127806,25781,0
256700,128417,25643,0
256800,128729,25799,0
256900,128666,25563,0
257000,128989,25861,0
257100,128031,25589,0
257200,128654,25657,0
257300,129001,25800,0
257400,128690,25580,0
257500,128739,25978,0
257600,129051,25980,0
257700,128796,25665,0
257800,128901,25852,0
257900,128964,25827,0
258000,128691,25818,0
258100,128865,25670,0
258200,128906,25850,0
258300,129139,26036,0
258400,129293,25881,0
258500,128719,25616,0
258600,129085,25677,0
258700,129505,25786,0
258800,129084,25624,0
258900,129668,25847,0
259000,129728,25884,0
259100,129470,25894,0
259200,129457,25979,0
259300,129694,26171,0
259400,129571,25955,0
259500,129836,25962,0
259600,130245,25941,0
259700,129869,25990,0
259800,129963,25911,0
259900,130281,26079,0
260000,130008,25943,0
260100,130312,26117,0
260200,129975,25987,0
260300,130326,25926,0
260400,130158,26071,0
260500,130412,26063,0
260600,130013,25690,0
260700,130234,26013,0
260800,130172,26091,0
260900,130851,26141,0
261000,130765,25851,0
261100,130622,26317,0
261200,130531,26105,0
261300,130746,26114,0
261400,131150,26234,0
261500,130537,26358,0
261600,130780,26252,0
261700,130739,26290,0
261800,131029,26550,0
261900,130851,26232,0
262000,130358,26379,0
262100,131154,26411,0
262200,130987,25998,0
262300,131611,26219,0
262400,131219,26113,0
262500,131006,26176,0
262600,131514,26486,0
262700,131642,26231,0
262800,131484,26408,0
262900,131763,26177,0
263000,131606,26303,0
263100,131784,26240,0
263200,132100,26211,0
263300,131889,26470,0
263400,131709,26263,0
263500,131804,26623,0
263600,131854,26287,0
263700,131977,26310,0
263800,132189,26371,0
263900,131915,26303,0
264000,131895,26216,0
264100,132118,26180,0
264200,132325,26380,0
264300,131860,26416,0
264400,131735,26462,0
264500,131960,26405,0
264600,132645,26809,0
264700,131978,26274,0
264800,132033,26348,0
264900,132248,26415,0
265000,132176,26504,0
265100,132690,26434,0
265200,132735,26355,0
265300,132772,26811,0
265400,132818,26797,0
265500,132696,26658,0
265600,132713,26494,0
265700,132660,26674,0
265800,132667,26550,0
265900,132771,26522,0
266000,133004,26469,0
266100,132951,26444,0
266200,132515,26496,0
266300,133352,26879,0
266400,133374,26529,0
266500,133477,26692,0
266600,132858,26859,0
266700,133688,26806,0
266800,133113,26432,0
266900,133439,26769,0
267000,133472,26674,0
267100,133497,26797,0
267200,133166,26471,0
267300,133941,26701,0
267400,134070,26597,0
267500,134093,26672,0
267600,133812,26826,0
267700,133687,26900,0
267800,133403,26459,0
267900,133651,26756,0
268000,133918,26688,0
268100,133951,26828,0
268200,134339,26885,0
268300,134383,26710,0
268400,134630,26875,0
268500,133875,26749,0
268600,134503,26913,0
268700,134326,27049,0
268800,134370,27047,0
268900,134343,26703,0
269000,134126,26676,0
269100,134766,27134,0
269200,134494,26879,0
269300,135070,27122,0
269400,135035,27221,0
269500,134527,26845,0
269600,134831,26885,0
269700,134773,27167,0
269800,135094,26637,0
269900,134685,26923,0
270000,135056,26813,0
270100,135175,26892,0
270200,135319,27013,0
270300,135077,26875,0
270400,135227,27242,0
270500,135452,27129,0
270600,135339,27190,0
270700,134870,26804,0
270800,135879,27041,0
270900,135018,27216,0
271000,135294,26889,0
271100,135748,27293,0
271200,135265,26710,0
271300,135680,27168,0
271400,135821,27284,0
271500,136073,27257,0
271600,135749,27106,0
271700,135799,27274,0
271800,135585,26996,0
271900,136375,27257,0
272000,135492,27232,0
272100,135842,27287,0
272200,136124,27144,0
272300,136155,27294,0
272400,135897,27232,0
272500,136322,27067,0
272600,136215,26894,0
272700,136321,27409,0
272800,136197,27395,0
272900,136350,27365,0
273000,136833,27368,0
273100,136162,27507,0
273200,136456,27362,0
273300,136853,27516,0
273400,136618,27156,0
273500,136801,27327,0
273600,136941,27277,0
273700,136772,27349,0
273800,137046,27279,0
273900,136414,27404,0
274000,137041,27411,0
274100,136926,27233,0
274200,137199,27414,0
274300,137211,27384,0
274400,137020,27453,0
274500,137319,27401,0
274600,137094,27430,0
274700,137592,27346,0
274800,137644,27598,0
274900,137891,27615,0
275000,137853,27448,0
275100,137922,27466,0
275200,138126,27507,0
275300,137793,27319,0
275400,137593,27352,0
275500,137848,27642,0
275600,138108,27672,0
275700,137788,27482,0
275800,138169,27923,0
275900,138423,27889,0
276000,137801,27511,0
276100,138086,27572,0
276200,138028,27636,0
276300,138251,27539,0
276400,138199,27465,0
276500,138514,27662,0
276600,138677,27744,0
276700,138158,27538,0
276800,138919,27882,0
276900,138128,27565,0
277000,138713,27512,0
277100,138503,27668,0
277200,138473,27521,0
277300,138423,27833,0
277400,138666,27673,0
277500,138507,27823,0
277600,138578,27870,0
277700,138435,27499,0
277800,138857,28090,0
277900,139235,27780,0
278000,139017,27802,0
278100,138907,27887,0
278200,139259,27907,0
278300,139032,27650,0
278400,139236,28037,0
278500,138907,27691,0
278600,139500,27877,0
278700,139464,27438,0
278800,139411,27548,0
278900,140238,28046,0
279000,139581,27860,0
279100,139777,27981,0
279200,140305,27798,0
279300,140079,28098,0
279400,139553,27848,0
279500,139601,27931,0
279600,139855,28102,0
279700,139241,27735,0
279800,139652,28082,0
279900,140335,28171,0
280000,139905,27938,0
280100,140090,27718,0
280200,139904,27903,0
280300,140403,27904,0
280400,139831,27823,0
280500,140596,28038,0
280600,139849,27824,0
280700,140275,28054,0
280800,139996,28200,0
280900,140624,28041,0
281000,140123,27922,0
281100,140930,28191,0
281200,140707,28072,0
281300,140627,28174,0
281400,140844,28197,0
281500,140642,28016,0
281600,140671,28247,0
281700,140527,28083,0
281800,140500,28002,0
281900,140930,28350,0
282000,140458,28058,0
282100,141340,28363,0
282200,140750,28242,0
282300,141224,28266,0
282400,140938,28208,0
282500,141116,28158,0
282600,141100,28384,0
282700,141117,28239,0
282800,141422,28051,0
282900,141454,28456,0
283000,141407,28145,0
283100,141675,28375,0
283200,141692,28384,0
283300,141648,28167,0
283400,141602,28181,0
283500,141455,28274,0
283600,141762,28291,0
283700,141757,28353,0
283800,141874,28185,0
283900,142526,28595,0
284000,141973,28373,0
284100,142307,28521,0
284200,142083,28248,0
284300,142378,28643,0
284400,142534,28544,0
284500,142141,28331,0
284600,142650,28497,0
284700,142285,28351,0
284800,142605,28560,0
284900,142312,28500,0
285000,142711,28639,0
285100,142958,28415,0
285200,142782,28332,0
285300,142588,28594,0
285400,142418,28544,0
285500,143058,28634,0
285600,143195,28694,0
285700,142518,28507,0
285800,143002,28641,0
285900,142977,28609,0
286000,143205,28518,0
286100,142844,28526,0
286200,142617,28600,0
286300,143193,28869,0
286400,143402,28783,0
286500,143180,28538,0
286600,143046,28748,0
286700,143769,28595,0
286800,143124,28691,0
286900,143617,28784,0
287000,143785,28673,0
287100,143265,28574,0
287200,143219,28721,0
287300,143845,28688,0
287400,143303,28617,0
287500,143994,28639,0
287600,144041,28961,0
287700,143983,28569,0
287800,143733,28598,0
287900,143641,28941,0
288000,143840,28560,0
288100,143686,28619,0
288200,144396,28827,0
288300,143827,28480,0
288400,144332,28990,0
288500,143661,28972,0
288600,144517,28926,0
288700,143897,28868,0
288800,144186,28786,0
288900,144148,28813,0
289000,144598,28752,0
289100,144728,28925,0
289200,144649,28879,0
289300,144678,28823,0
289400,145035,29027,0
289500,144903,29238,0
289600,144762,29039,0
289700,144749,28860,0
289800,145066,28838,0
289900,144995,29110,0
290000,145030,28816,0
290100,145158,29158,0
290200,144727,29050,0
290300,145262,28794,0
290400,145510,29073,0
290500,145399,28991,0
290600,145202,29324,0
290700,144813,28972,0
290800,145427,28970,0
290900,145753,29165,0
291000,145474,28799,0
291100,145529,28875,0
291200,145820,28850,0
291300,145348,29209,0
291400,145555,28955,0
291500,145759,28995,0
291600,145932,29063,0
291700,145915,29072,0
291800,146388,29171,0
291900,145977,29130,0
292000,145853,29126,0
292100,146290,29517,0
292200,146021,29168,0
292300,146071,29102,0
292400,146144,29261,0
292500,146216,29381,0
292600,146638,29214,0
292700,146239,29271,0
292800,146289,29173,0
292900,146810,29195,0
293000,146798,29347,0
293100,146751,29336,0
293200,146726,29290,0
293300,146688,29332,0
293400,146317,29200,0
293500,146675,29388,0
293600,146952,29490,0
293700,147021,29215,0
293800,146599,29067,0
293900,146934,29397,0
294000,147230,29609,0
294100,147018,29712,0
294200,147043,29413,0
294300,146845,29527,0
294400,147105,29565,0
294500,147356,29460,0
294600,147347,29485,0
294700,147178,29555,0
294800,147604,29717,0
294900,147477,29414,0
295000,147111,29386,0
295100,147438,29750,0
295200,147296,29443,0
295300,147780,29557,0
295400,147328,29454,0
295500,147113,29460,0
295600,147903,29314,0
295700,147479,29392,0
295800,147781,29697,0
295900,148084,29711,0
296000,148391,29752,0
296100,148032,29587,0
296200,147738,29718,0
296300,147820,29631,0
296400,147923,29364,0
296500,148500,29703,0
296600,148368,29567,0
296700,147770,29750,0
296800,148351,29710,0
296900,148012,29631,0
297000,148674,29633,0
297100,148642,29493,0
297200,148420,29654,0
297300,148860,29651,0
297400,148888,29917,0
297500,149048,29702,0
297600,148644,29660,0
297700,149094,29992,0
297800,149212,30023,0
297900,148758,29939,0
298000,149357,29912,0
298100,148990,29871,0
298200,149180,29793,0
298300,149249,29682,0
298400,149386,29959,0
298500,149157,30009,0
298600,148698,29775,0
298700,149577,29760,0
298800,149481,29976,0
298900,148982,29975,0
299000,149408,29770,0
299100,149111,29885,0
299200,149134,29981,0
299300,149347,29810,0
299400,149576,29879,0
299500,149404,29939,0
299600,149936,30138,0
299700,150112,30196,0
299800,149680,29748,0
299900,149958,29980,0
300000,150065,29847,0
300100,150146,30044,0
300200,150156,29999,0
300300,150344,30076,0
300400,150482,29991,0
300500,149946,29977,0
300600,150454,30046,0
300700,150043,29962,0
300800,150406,30248,0
300900,150734,30073,0
301000,150219,30043,0
301100,150552,30104,0
301200,150777,30203,0
301300,150767,30097,0
301400,150241,29953,0
301500,150650,30366,0
301600,150461,30091,0
301700,150936,30257,0
301800,150707,30182,0
301900,150590,29960,0
302000,150900,30341,0
302100,150693,30102,0
302200,150949,30284,0
302300,151362,30018,0
302400,150979,30274,0
302500,151413,30254,0
302600,150913,30269,0
302700,151292,30425,0
302800,151463,30009,0
302900,151141,30292,0
303000,151346,30365,0
303100,151388,30393,0
303200,151625,30425,0
303300,151315,30253,0
303400,151593,30211,0
303500,151708,30479,0
303600,151452,30508,0
303700,152052,30118,0
303800,152061,30539,0
303900,151824,30685,0
304000,151910,30402,0
304100,151821,30470,0
304200,151984,30041,0
304300,151840,30347,0
304400,152153,30381,0
304500,152627,30760,0
304600,152290,30509,0
304700,152457,30582,0
304800,152631,30488,0
304900,152865,30529,0
305000,152305,30642,0
305100,152989,30706,0
305200,152019,30322,0
305300,153099,30399,0
305400,152604,30793,0
305500,152897,30623,0
305600,152773,30578,0
305700,152821,30630,0
305800,152693,30366,0
305900,152936,30410,0
306000,152608,30637,0
306100,152805,30297,0
306200,152714,30344,0
306300,152844,30437,0
306400,153133,30918,0
306500,153288,30722,0
306600,153431,30652,0
306700,153031,30382,0
306800,153355,30605,0
306900,153524,30808,0
307000,153551,30901,0
307100,153836,30592,0
307200,154044,30949,0
307300,153842,30647,0
307400,153093,30830,0
307500,153939,30476,0
307600,153717,30700,0
307700,153852,30589,0
307800,153621,30627,0
307900,153422,30601,0
308000,154025,30809,0
308100,154262,30948,0
308200,154690,30827,0
308300,153902,30575,0
308400,154098,30857,0
308500,154160,30662,0
308600,154154,31106,0
308700,153647,30939,0
308800,154518,30886,0
308900,154326,30906,0
309000,154127,30880,0
309100,154349,30891,0
309200,154966,30837,0
309300,154703,30991,0
309400,154493,30950,0
309500,154565,30775,0
309600,154197,30811,0
309700,154948,30735,0
309800,154607,31090,0
309900,155365,31022,0
310000,155144,31260,0
310100,155198,31312,0
310200,155672,31065,0
310300,155123,31125,0
310400,155506,31216,0
310500,155042,30970,0
310600,155477,30869,0
310700,155099,30883,0
310800,155399,30965,0
310900,155490,31200,0
311000,155362,30896,0
311100,155516,31226,0
311200,155514,31153,0
311300,155509,31322,0
311400,155443,31170,0
311500,155952,31175,0
311600,155713,31230,0
311700,156044,31219,0
311800,155979,31312,0
311900,156147,31335,0
312000,155867,31345,0
312100,156242,31169,0
312200,155707,31112,0
312300,155695,31354,0
312400,156129,31238,0
312500,156273,31207,0
312600,156084,31417,0
312700,155816,31292,0
312800,156438,31213,0
312900,156585,31489,0
313000,156696,31237,0
313100,156330,31484,0
313200,156659,31144,0
313300,156730,31348,0
313400,157445,31536,0
313500,156998,31403,0
313600,156741,31152,0
313700,157137,31299,0
313800,156879,31290,0
313900,156690,31448,0
314000,157346,31571,0
314100,157078,31322,0
314200,157313,31430,0
314300,157277,31468,0
314400,156893,31142,0
314500,157464,31584,0
314600,157630,31543,0
314700,157186,31348,0
314800,157573,31377,0
314900,157821,31635,0
315000,157239,31246,0
315100,157645,31607,0
315200,157148,31733,0
315300,157428,31474,0
315400,157704,31424,0
315500,157978,31608,0
315600,157426,31566,0
315700,158114,31509,0
315800,157260,31554,0
315900,157760,31517,0
316000,157987,31631,0
316100,157723,31671,0
316200,158318,31619,0
316300,158405,31694,0
316400,157947,31588,0
316500,158177,31650,0
316600,158422,31860,0
316700,158078,31651,0
316800,158080,31788,0
316900,158571,32033,0
317000,158205,31606,0
317100,158219,31647,0
317200,158895,32134,0
317300,158765,31662,0
317400,158747,31917,0
317500,158646,31464,0
317600,158795,31858,0
317700,158968,31721,0
317800,158907,31689,0
317900,159114,31642,0
318000,158602,31749,0
318100,158964,32136,0
318200,158812,31841,0
318300,159223,31713,0
318400,159250,31712,0
318500,159322,31972,0
318600,159558,31841,0
318700,159116,31842,0
318800,159413,31664,0
318900,159456,31871,0
319000,159561,31940,0
319100,159682,31942,0
319200,159894,31952,0
319300,159470,31782,0
319400,159760,32112,0
319500,159380,31774,0
319600,159468,32106,0
319700,160608,31957,0
319800,160212,31914,0
319900,160481,32193,0
320000,160298,32195,0
320100,160189,32061,0
320200,160026,31921,0
320300,159774,31899,0
320400,160348,31976,0
320500,160267,31966,0
320600,160516,32087,0
320700,160357,31965,0
320800,160534,32013,0
320900,159913,31979,0
321000,160035,32148,0
321100,160716,32241,0
321200,160715,32147,0
321300,160564,32362,0
321400,160481,32382,0
321500,160688,31942,0
321600,160677,32170,0
321700,160648,32250,0
321800,161009,32522,0
321900,161208,32112,0
322000,160892,32405,0
322100,160924,32332,0
322200,161209,32208,0
322300,161089,32265,0
322400,161427,32176,0
322500,161043,32129,0
322600,160681,32459,0
322700,161474,32321,0
322800,161459,32454,0
322900,161467,32394,0
323000,161485,32347,0
323100,161118,32009,0
323200,162116,32423,0
323300,161449,32437,0
323400,161993,32329,0
323500,161870,32509,0
323600,161805,32060,0
323700,161886,32320,0
323800,162154,32358,0
323900,161843,32262,0
324000,162607,32666,0
324100,162055,32493,0
324200,161769,32258,0
324300,162668,32781,0
324400,162633,32404,0
324500,162321,32408,0
324600,162229,32249,0
324700,162601,32822,0
324800,162304,32337,0
324900,162509,32522,0
325000,162754,32505,0
325100,163196,32539,0
325200,163109,32584,0
325300,163367,32374,0
325400,162357,32645,0
325500,162429,32356,0
325600,162923,32899,0
325700,162968,32492,0
325800,162736,32233,0
325900,162703,32543,0
326000,162818,32759,0
326100,162765,32649,0
326200,162857,32553,0
326300,162515,32468,0
326400,163218,32898,0
326500,163263,32908,0
326600,163326,32967,0
326700,163053,32582,0
326800,163237,32719,0
326900,163490,32772,0
327000,164210,32804,0
327100,163641,32926,0
327200,163581,32866,0
327300,163892,32515,0
327400,163928,32653,0
327500,163293,32643,0
327600,163717,32775,0
327700,163390,32784,0
327800,164051,32646,0
327900,164155,32929,0
328000,164302,32599,0
328100,163957,32782,0
328200,164275,32615,0
328300,163841,32846,0
328400,164373,33128,0
328500,164781,33008,0
328600,164511,32920,0
328700,164713,33313,0
328800,164631,32873,0
328900,164153,32941,0
329000,164400,33053,0
329100,164317,32936,0
329200,165252,32979,0
329300,164302,32807,0
329400,164349,32845,0
329500,164533,33141,0
329600,165461,33092,0
329700,165047,32812,0
329800,164858,33102,0
329900,164703,33092,0
330000,165294,33130,0
330100,164653,33195,0
330200,165561,32821,0
330300,165102,32906,0
330400,165355,33154,0
330500,165526,32876,0
330600,165396,33198,0
330700,165264,33103,0
330800,165596,33066,0
330900,165152,33184,0
331000,165910,33276,0
331100,164975,33278,0
331200,165750,32991,0
331300,165199,33009,0
331400,165592,33250,0
331500,165487,33153,0
331600,165391,33234,0
331700,165914,32822,0
331800,166242,33319,0
331900,166174,33128,0
332000,166187,33349,0
332100,165983,33156,0
332200,166066,33180,0
332300,166410,33289,0
332400,166002,33191,0
332500,166057,33088,0
332600,166384,33377,0
332700,166154,33178,0
332800,166245,33289,0
332900,166086,33299,0
333000,166662,32976,0
333100,167017,33585,0
333200,166366,33224,0
333300,166460,33392,0
333400,166610,33410,0
333500,166925,33495,0
333600,166799,33446,0
333700,166767,33144,0
333800,166895,33554,0
333900,166795,33541,0
334000,167280,33212,0
334100,166832,33250,0
334200,167396,33367,0
334300,166922,33498,0
334400,167900,33528,0
334500,167010,33509,0
334600,167402,33635,0
334700,167871,33530,0
334800,167553,33353,0
334900,167445,33496,0
335000,167763,33495,0
335100,168026,33441,0
335200,167570,33562,0
335300,167523,33330,0
335400,167693,33214,0
335500,167727,33666,0
335600,167704,33770,0
335700,167951,33352,0
335800,167731,33597,0
335900,168113,33518,0
336000,167992,33242,0
336100,167961,33699,0
336200,168404,33421,0
336300,167930,33867,0
336400,167866,33774,0
336500,168380,33379,0
336600,168215,33483,0
336700,168174,33832,0
336800,168665,33634,0
336900,168743,33790,0
337000,168639,33818,0
337100,168600,33640,0
337200,168504,33582,0
337300,168530,34040,0
337400,169136,34139,0
337500,168607,33947,0
337600,168847,33466,0
337700,168844,34128,0
337800,169087,33683,0
337900,168841,33601,0
338000,168944,33626,0
338100,168689,34013,0
338200,169024,33701,0
338300,169363,33970,0
338400,168905,33654,0
338500,169334,33947,0
338600,169729,34237,0
338700,169147,33974,0
338800,169093,33929,0
338900,169407,33841,0
339000,169920,34016,0
339100,169562,33939,0
339200,169676,33716,0
339300,169370,34117,0
339400,170145,33852,0
339500,169972,34113,0
339600,169636,34038,0
339700,169811,34081,0
339800,169761,34225,0
339900,170112,34117,0
340000,169850,34351,0
340100,170581,34197,0
340200,169880,33878,0
340300,170136,34131,0
340400,170573,33995,0
340500,170141,34256,0
340600,170711,34354,0
340700,170746,34184,0
340800,169648,34130,0
340900,170823,34218,0
341000,170644,33947,0
341100,170705,33912,0
341200,170418,33859,0
341300,170935,34389,0
341400,170633,34160,0
341500,171152,33926,0
341600,170698,34297,0
341700,171496,34108,0
341800,170987,34201,0
341900,171286,34410,0
342000,171228,34468,0
342100,170921,34132,0
342200,171144,34306,0
342300,171317,34312,0
342400,171259,34413,0
342500,171067,34448,0
342600,171135,34125,0
342700,171284,34155,0
342800,171585,34310,0
342900,171501,34481,0
343000,171776,34317,0
343100,171376,34375,0
343200,171314,34003,0
343300,172176,34384,0
343400,171788,34249,0
343500,171925,34377,0
343600,171108,34271,0
343700,172062,34299,0
343800,172497,34459,0
343900,172161,34045,0
344000,171913,34406,0
344100,172541,34194,0
344200,172205,34420,0
344300,171840,34297,0
344400,172832,34856,0
344500,172450,34521,0
344600,172525,34553,0
344700,173069,34342,0
344800,172563,34510,0
344900,172518,34267,0
345000,172779,34618,0
345100,172081,34931,0
345200,172716,34589,0
345300,172584,34390,0
345400,172464,34380,0
345500,172274,34504,0
345600,172663,34426,0
345700,172771,34527,0
345800,172275,34358,0
345900,172670,34740,0
346000,173123,34658,0
346100,172731,34532,0
346200,173650,34650,0
346300,173000,34711,0
346400,173410,34859,0
346500,172968,34422,0
346600,172922,34423,0
346700,173737,34811,0
346800,172963,34588,0
346900,173244,34692,0
347000,173531,34800,0
347100,173983,34943,0
347200,173620,34745,0
347300,173741,34714,0
347400,173703,34526,0
347500,174038,34734,0
347600,173757,35090,0
347700,174261,34618,0
347800,174117,34989,0
347900,173976,34733,0
348000,173843,34966,0
348100,173914,34646,0
348200,174795,35187,0
348300,174253,34635,0
348400,174064,34914,0
348500,174330,34892,0
348600,174354,34677,0
348700,174177,35049,0
348800,174463,34813,0
348900,174326,34558,0
349000,174486,34836,0
349100,174656,34857,0
349200,174371,34884,0
349300,174654,34781,0
349400,174032,34674,0
349500,174485,34831,0
349600,174908,34920,0
349700,174963,35136,0
349800,174565,34830,0
349900,174980,35077,0
350000,175109,34935,0
350100,175079,35234,0
350200,174969,34829,0
350300,175780,35167,0
350400,175101,35023,0
350500,175010,35257,0
350600,175260,34916,0
350700,175231,34952,0
350800,175188,34898,0
350900,175269,34905,0
351000,175788,35049,0
351100,174913,34645,0
351200,175821,35391,0
351300,175891,35277,0
351400,175809,35198,0
351500,175638,34988,0
351600,175781,34978,0
351700,175401,35021,0
351800,175876,35020,0
351900,176078,35003,0
352000,176283,35088,0
352100,175949,35430,0
352200,176134,35175,0
352300,176451,35297,0
352400,176428,35202,0
352500,176379,35279,0
352600,176060,35260,0
352700,176107,35286,0
352800,176106,35050,0
352900,176153,35007,0
353000,176808,35348,0
353100,176846,35366,0
353200,176816,35586,0
353300,176817,35577,0
353400,177120,35264,0
353500,176380,35338,0
353600,176467,35208,0
353700,177216,35154,0
353800,176929,35480,0
353900,176855,35564,0
354000,177009,35374,0
354100,176953,35324,0
354200,177431,35150,0
354300,177285,35612,0
354400,177285,35414,0
354500,177247,35658,0
354600,177514,35611,0
354700,177098,35781,0
354800,177275,35264,0
354900,177646,35151,0
355000,177219,35665,0
355100,177700,35560,0
355200,177663,35830,0
355300,177973,35423,0
355400,177569,35463,0
355500,177529,35554,0
355600,178328,35509,0
355700,177447,35521,0
355800,177762,35358,0
355900,177941,35635,0
356000,177828,35446,0
356100,177759,35552,0
356200,178548,35840,0
356300,178226,35588,0
356400,178687,35785,0
356500,177909,35140,0
356600,178417,35649,0
356700,177909,35307,0
356800,178727,35772,0
356900,178214,35324,0
357000,178414,35613,0
357100,178766,35964,0
357200,178406,35589,0
357300,178666,35692,0
357400,179023,35657,0
357500,178606,35625,0
357600,179229,35726,0
357700,178559,35925,0
357800,179055,35625,0
357900,178761,35456,0
358000,178744,35901,0
358100,178919,35572,0
358200,179170,36049,0
358300,179271,36165,0
358400,179129,35819,0
358500,179083,35906,0
358600,179201,35649,0
358700,179163,35679,0
358800,179563,36022,0
358900,179697,35816,0
359000,179555,35906,0
359100,179908,35779,0
359200,179918,35624,0
359300,179940,36242,0
359400,179568,35829,0
359500,179840,36222,0
359600,179710,35888,0
359700,179511,36071,0
359800,179752,36232,0
359900,180468,35938,0
360000,180203,35844,0
360100,180015,35842,0
360200,180224,35688,0
360300,180021,35685,0
360400,180073,36059,0
360500,180727,36296,0
360600,180517,36126,0
360700,180262,35903,0
360800,180104,36068,0
360900,180545,36126,0
361000,180465,36565,0
361100,180459,36070,0
361200,180100,35781,0
361300,180318,36122,0
361400,180744,36165,0
361500,181152,36585,0
361600,181030,36304,0
361700,180782,36143,0
361800,180518,36335,0
361900,181393,36353,0
362000,180949,36319,0
362100,180820,36301,0
362200,180861,36117,0
362300,181405,36210,0
362400,181758,36319,0
362500,181452,36030,0
362600,181229,36189,0
362700,181434,36283,0
362800,180912,36071,0
362900,182131,36394,0
363000,181614,36404,0
363100,181432,36419,0
363200,182038,36470,0
363300,181521,36174,0
363400,181512,36195,0
363500,182114,36618,0
363600,181954,36408,0
363700,181878,36495,0
363800,181953,36240,0
363900,181900,36188,0
364000,181981,36482,0
364100,182078,36264,0
364200,182019,36571,0
364300,182509,36297,0
364400,181526,36042,0
364500,182110,36278,0
364600,182581,35945,0
364700,181711,36219,0
364800,182268,36486,0
364900,182862,36623,0
365000,182122,36568,0
365100,181916,36427,0
365200,183185,36691,0
365300,182262,36339,0
365400,182486,36636,0
365500,182591,36388,0
365600,182755,36723,0
365700,182546,36454,0
365800,182861,36595,0
365900,182576,36570,0
366000,182619,36242,0
366100,183108,36741,0
366200,183390,36459,0
366300,183325,36556,0
366400,183480,36788,0
366500,182969,36792,0
366600,183616,36504,0
366700,183376,36837,0
366800,183693,36682,0
366900,184036,36700,0
367000,183354,36474,0
367100,183195,36769,0
367200,183358,36854,0
367300,183885,36979,0
367400,184518,37162,0
367500,183611,37151,0
367600,183486,37074,0
367700,183850,36649,0
367800,184257,36615,0
367900,184011,36708,0
368000,183414,36799,0
368100,183879,36441,0
368200,183637,36570,0
368300,183646,36670,0
368400,184261,37074,0
368500,184298,36752,0
368600,183765,36659,0
368700,184238,36650,0
368800,183936,36798,0
368900,184427,36743,0
369000,184314,36704,0
369100,184420,36867,0
369200,184371,36747,0
369300,184286,36870,0
369400,185250,37182,0
369500,184931,37000,0
369600,184795,36801,0
369700,184182,36661,0
369800,184721,37010,0
369900,184904,37159,0
370000,184856,36845,0
370100,185636,36810,0
370200,185314,37024,0
370300,184902,36725,0
370400,184752,36809,0
370500,185148,37137,0
370600,185024,37119,0
370700,185418,36644,0
370800,185426,37322,0
370900,185409,36917,0
371000,185600,37114,0
371100,185414,36896,0
371200,185777,37089,0
371300,186069,37397,0
371400,186184,37231,0
371500,185262,36974,0
371600,185942,37133,0
371700,185717,37075,0
371800,185553,36997,0
371900,185776,37190,0
372000,185765,37410,0
372100,185914,37272,0
372200,186197,37191,0
372300,186264,37382,0
372400,186064,37379,0
372500,186555,37153,0
372600,186172,37427,0
372700,186245,37074,0
372800,186065,37305,0
372900,186214,37530,0
373000,186218,37294,0
373100,187024,37339,0
373200,186827,37405,0
373300,187308,37427,0
373400,186666,37554,0
373500,186950,37328,0
373600,187270,37379,0
373700,186905,37323,0
373800,186815,37326,0
373900,186583,37236,0
374000,187155,37429,0
374100,186714,37618,0
374200,187070,37556,0
374300,186958,37323,0
374400,187372,37255,0
374500,187048,37415,0
374600,187145,37280,0
374700,187159,37518,0
374800,187634,37490,0
374900,186603,37499,0
375000,187672,37350,0
375100,187171,37274,0
375200,187701,37573,0
375300,187814,37233,0
375400,187434,37476,0
375500,187341,37871,0
375600,188036,37685,0
375700,188069,38097,0
375800,187753,37738,0
375900,187915,37472,0
376000,187814,37579,0
376100,188369,37642,0
376200,188129,37614,0
376300,187978,37653,0
376400,187849,37527,0
376500,188452,37385,0
376600,188291,37811,0
376700,188339,37716,0
376800,188202,37484,0
376900,188778,37498,0
377000,188782,37854,0
377100,189119,37774,0
377200,188285,37760,0
377300,188798,37792,0
377400,188912,37592,0
377500,188710,37760,0
377600,188624,37878,0
377700,188720,37556,0
377800,189017,38019,0
377900,188292,37595,0
378000,188558,37735,0
378100,189089,37832,0
378200,189380,37943,0
378300,189582,38125,0
378400,188972,38182,0
378500,189382,37422,0
378600,188800,37889,0
378700,189543,37981,0
378800,189366,37708,0
378900,189876,37923,0
379000,189557,37990,0
379100,189353,37746,0
379200,189129,37978,0
379300,189803,37825,0
379400,190015,37911,0
379500,189835,37974,0
379600,189648,37809,0
379700,189516,37676,0
379800,189611,38005,0
379900,189159,37695,0
380000,189364,37753,0
380100,190057,38035,0
380200,190539,38154,0
380300,190270,37413,0
380400,190122,37939,0
380500,190667,38130,0
380600,190341,37893,0
380700,190512,38096,0
380800,191040,38097,0
380900,189718,37838,0
381000,190283,37934,0
381100,190647,37984,0
381200,191024,38163,0
381300,190854,38031,0
381400,190770,38479,0
381500,191016,38382,0
381600,190932,38315,0
381700,191106,38190,0
381800,191218,38261,0
381900,190491,37883,0
382000,190820,38121,0
382100,191336,37884,0
382200,191387,38156,0
382300,191210,38276,0
382400,190740,38406,0
382500,191285,38433,0
382600,191534,38350,0
382700,191375,38453,0
382800,191702,38253,0
382900,191435,38205,0
383000,191399,38180,0
383100,191727,38362,0
383200,191135,38261,0
383300,191862,38530,0
383400,192300,38535,0
383500,192171,38773,0
383600,192245,38358,0
383700,191707,38555,0
383800,191882,38630,0
383900,191898,38448,0
384000,192077,38463,0
384100,192025,38468,0
384200,192103,38126,0
384300,192259,38366,0
384400,192361,38583,0
384500,192511,38642,0
384600,191983,38669,0
384700,192311,38374,0
384800,192069,38374,0
384900,192704,38492,0
385000,192176,38504,0
385100,192817,38559,0
385200,192498,38502,0
385300,193125,38578,0
385400,193089,38557,0
385500,193002,38690,0
385600,192942,38779,0
385700,192882,38576,0
385800,193154,38773,0
385900,192870,38802,0
386000,193281,38541,0
386100,193301,38756,0
386200,193433,38713,0
386300,192962,38675,0
386400,192503,38499,0
386500,193212,38653,0
386600,192965,38446,0
386700,193208,38820,0
386800,193579,38941,0
386900,193168,38614,0
387000,193588,38938,0
387100,193279,38872,0
387200,193659,38912,0
387300,193696,38832,0
387400,193791,38628,0
387500,194122,38932,0
387600,194061,38723,0
387700,193847,38777,0
387800,193494,38452,0
387900,194297,39074,0
388000,193508,38709,0
388100,193570,38592,0
388200,194652,38959,0
388300,194216,38996,0
388400,193987,38609,0
388500,193921,38870,0
388600,194743,39148,0
388700,194307,38800,0
388800,194330,38917,0
388900,194342,38952,0
389000,194354,38640,0
389100,195300,39015,0
389200,194317,38867,0
389300,194647,39065,0
389400,194873,39242,0
389500,195183,38989,0
389600,194956,39070,0
389700,194314,38761,0
389800,194779,39161,0
389900,195266,38923,0
390000,195332,39168,0
390100,195122,39245,0
390200,195317,39130,0
390300,195364,38987,0
390400,195460,38997,0
390500,195458,39196,0
390600,195213,38984,0
390700,194955,39053,0
390800,195317,38867,0
390900,195202,39046,0
391000,195276,39064,0
391100,195453,38769,0
391200,195679,39090,0
391300,195580,39141,0
391400,195971,39065,0
391500,195327,39074,0
391600,196383,39370,0
391700,195746,39365,0
391800,195902,39031,0
391900,196202,39401,0
392000,196563,39104,0
392100,196029,39432,0
392200,196182,39337,0
392300,196139,39311,0
392400,195995,39409,0
392500,196409,39439,0
392600,195717,39171,0
392700,196131,39441,0
392800,196392,39023,0
392900,196608,39335,0
393000,196428,39279,0
393100,196754,39268,0
393200,196144,39166,0
393300,197051,39428,0
393400,196309,39253,0
393500,196451,39196,0
393600,196560,39373,0
393700,196469,39259,0
393800,196717,39718,0
393900,197177,39268,0
394000,196640,39118,0
394100,196750,39392,0
394200,197051,39482,0
394300,196890,39393,0
394400,197430,39430,0
394500,196938,39266,0
394600,197446,39546,0
394700,197158,39354,0
394800,197556,39414,0
394900,196973,39519,0
395000,197355,39520,0
395100,197534,39251,0
395200,197825,39544,0
395300,198021,39906,0
395400,197293,39644,0
395500,197590,39890,0
395600,198377,39583,0
395700,197813,39540,0
395800,197603,39483,0
395900,198116,39818,0
396000,197782,39774,0
396100,197738,39432,0
396200,197817,39359,0
396300,198467,39718,0
396400,197687,39471,0
396500,198158,39684,0
396600,198707,39857,0
396700,198961,39733,0
396800,198385,39663,0
396900,198139,39682,0
397000,198397,39738,0
397100,198718,39641,0
397200,198582,39487,0
397300,198913,39836,0
397400,199317,39680,0
397500,198854,39894,0
397600,199139,39851,0
397700,198703,39947,0
397800,198661,39609,0
397900,198811,39749,0
398000,199159,39843,0
398100,199551,40056,0
398200,199273,39734,0
398300,198890,39706,0
398400,199185,39876,0
398500,199589,39833,0
398600,199193,39737,0
398700,199330,39675,0
398800,199378,40097,0
398900,199611,39844,0
399000,199528,39756,0
399100,199838,40107,0
399200,199984,40198,0
399300,199957,39715,0
399400,199798,40186,0
399500,199816,39985,0
399600,199537,39640,0
399700,199556,40273,0
399800,199632,39883,0
399900,199064,39683,0
400000,200020,39977,0
400100,200169,40148,0
400200,200324,39926,0
400300,200340,40070,0
400400,200226,39986,0
400500,200126,40164,0
400600,200530,40017,0
400700,200258,40060,0
400800,200393,39992,0
400900,200364,39962,0
401000,199906,40020,0
401100,200691,40248,0
401200,200399,40230,0
401300,200893,40246,0
401400,201075,40212,0
401500,200738,40234,0
401600,200427,40066,0
401700,200813,39846,0
401800,200821,40318,0
401900,201593,40144,0
402000,200470,40176,0
402100,201012,40324,0
402200,201556,40614,0
402300,201258,40485,0
402400,201257,40139,0
402500,201544,40353,0
402600,201574,39968,0
402700,200527,40109,0
402800,201223,40308,0
402900,201243,40281,0
403000,201257,40342,0
403100,201603,40230,0
403200,201389,40108,0
403300,201138,40080,0
403400,202014,40339,0
403500,202658,40735,0
403600,202048,40357,0
403700,201834,40482,0
403800,202521,40822,0
403900,201916,40408,0
404000,202320,40458,0
404100,201699,40265,0
404200,201978,40135,0
404300,202288,40348,0
404400,202069,40388,0
404500,202010,40469,0
404600,202231,40550,0
404700,202508,40411,0
404800,202404,40676,0
404900,202181,40426,0
405000,202776,40511,0
405100,202417,40476,0
405200,202244,40304,0
405300,202532,40361,0
405400,202763,40611,0
405500,202762,40699,0
405600,202862,40517,0
405700,202605,40476,0
405800,202832,40275,0
405900,202712,40631,0
406000,203151,40796,0
406100,202758,40640,0
406200,203009,40669,0
406300,202973,40366,0
406400,203692,40773,0
406500,203043,40362,0
406600,203172,40693,0
406700,203040,40394,0
406800,203169,40561,0
406900,203256,40854,0
407000,203059,40547,0
407100,203080,40837,0
407200,203375,40596,0
407300,203972,40854,0
407400,204017,40942,0
407500,204077,40788,0
407600,203429,40708,0
407700,204235,40666,0
407800,203572,40765,0
407900,204153,40954,0
408000,204222,40608,0
408100,203917,40626,0
408200,203760,40642,0
408300,204422,41059,0
408400,203674,40978,0
408500,204068,40522,0
408600,203958,40979,0
408700,204521,40654,0
408800,204777,40649,0
408900,204426,40879,0
409000,204389,41005,0
409100,204714,41229,0
409200,204276,40981,0
409300,205067,41151,0
409400,204884,41174,0
409500,204636,40812,0
409600,204807,40923,0
409700,204150,40936,0
409800,204781,41133,0
409900,204490,41126,0
410000,205352,41172,0
410100,204974,41230,0
410200,205155,41231,0
410300,204704,41014,0
410400,204740,40730,0
410500,204934,41290,0
410600,205573,40965,0
410700,205851,4112